id,user,location,geo_enabled,geo,coordinates,text,created_at
1445589115454513200,1043911579211886600,"Pembroke Pines, FL",True,"{'type': 'Point', 'coordinates': [26.37545356, -80.10168314]}","{'type': 'Point', 'coordinates': [-80.10168314, 26.37545356]}",FAU Football 2021 @faufootball   @adidas   @adidasfootball   #nikon   #nikonphotography   #nikond6   #nikon400mmf28 @ FAU Stadium https://t.co/uvOSvfH1Zz,Wed Oct 06 03:17:57 +0000 2021
1445727722160939000,240356847,Miami,True,"{'type': 'Point', 'coordinates': [43.95997, -71.19635]}","{'type': 'Point', 'coordinates': [-71.19635, 43.95997]}","No time to be bored in a world as beautiful as this. Take me back to the mountains.
#thesweatlife
@lululemon @ Albany, New Hampshire https://t.co/11tOnDT3mj",Wed Oct 06 12:28:43 +0000 2021
1445763773319442400,176502440,"Pittsburgh, PA",True,"{'type': 'Point', 'coordinates': [28.13333333, -81.63166667]}","{'type': 'Point', 'coordinates': [-81.63166667, 28.13333333]}","pickin my poison ‚ò†Ô∏è sand &gt; snow
@jumpman23 @nike 

‚ë°‚ë• dayz till im moved into the sunshine state üëüüíô‚ùïüåä @ Florida https://t.co/3s17pbjnto",Wed Oct 06 14:51:59 +0000 2021
1445828659441545200,1410063799206518800,United States,True,"{'type': 'Point', 'coordinates': [38.2525, -85.7554]}","{'type': 'Point', 'coordinates': [-85.7554, 38.2525]}","Hola Oto√±o...üß°üçÅüî•üíã  #hellofall 
.
.
üì∏: @sullivanimages 
Jacket: @nike 
Boots: @fashionnova 
Watch: @bebe 
.
#bootseason #fallcolorsüçÅüçÇ #instafashionista #lunabaeüíã @ Louisville, Kentucky https://t.co/KlPn41vLcb",Wed Oct 06 19:09:49 +0000 2021
1446440251912769500,62662024,NYC ,True,"{'type': 'Point', 'coordinates': [40.7779, -73.9675]}","{'type': 'Point', 'coordinates': [-73.9675, 40.7779]}","@starbucks.stories @starbucks @hellskitchennyc @nike @ Manhattan, New York https://t.co/fl3oj0lzrQ",Fri Oct 08 11:40:04 +0000 2021
1446457698275537000,24836531,"Colorado Springs, CO",True,"{'type': 'Point', 'coordinates': [38.96871257, -104.7458821]}","{'type': 'Point', 'coordinates': [-104.7458821, 38.96871257]}",#run #runmizelrun ‚ù§Ô∏è‚õ≥Ô∏èüèåüèª‚Äç‚ôÇÔ∏èü¶ö‚ô•Ô∏è @nike @nikegolf @nikerunning @ Lifetime Fitness https://t.co/NMOQHUrlyf,Fri Oct 08 12:49:23 +0000 2021
1446496358551097300,240356847,Miami,True,"{'type': 'Point', 'coordinates': [25.73199504, -80.33084501]}","{'type': 'Point', 'coordinates': [-80.33084501, 25.73199504]}","By doing what you love, you inspire &amp; awaken the hearts of others.
#thesweatlife
#coachlikeachampion
#teamSOUL
@crossfitsoul
@lululemon @ CrossFit Soul https://t.co/IbLnSIHznv",Fri Oct 08 15:23:01 +0000 2021
1446509915619668000,1043911579211886600,"Pembroke Pines, FL",True,"{'type': 'Point', 'coordinates': [26.18437, -80.10892]}","{'type': 'Point', 'coordinates': [-80.10892, 26.18437]}",Gibbons Homecoming Game @cardinalgibbonsfootball   @cghsfl   @adidas   @adidasfootball   #nikon   #nikonphotography   #nikond6   #nikkor @ Cardinal Gibbons High School FTL https://t.co/HrWYllJoXc,Fri Oct 08 16:16:53 +0000 2021
1446559765824483300,2336353748,"Bay Area, CA ",True,"{'type': 'Point', 'coordinates': [37.94938135, -122.5378316]}","{'type': 'Point', 'coordinates': [-122.5378316, 37.94938135]}",Sunset at the creek on my 108th @Nike Run Club 5k üèÉ‚Äç‚ôÄÔ∏èlast night. Auspicious # for Navratri. üïâ #sunset #run #nikerunclub #workout #fitness #bayarea #california #navratri #nofilter @ Creekside Park https://t.co/wjmlZUIhpC,Fri Oct 08 19:34:58 +0000 2021
1446839074409656300,109745686,"Gainesville, FL",True,"{'type': 'Point', 'coordinates': [29.65579721, -82.4796151]}","{'type': 'Point', 'coordinates': [-82.4796151, 29.65579721]}",3.25 miüèÉ‚Äç‚ôÇÔ∏è and 1.09 mi üòé ‚¨áÔ∏è walk. 72 degrees and ‚òÄÔ∏è. #workout #motivation #run #running #5ktraining #10ktraining #chubsternationfriday #kiltedkarafa @chubbies #runningshorts @nike #runningtank @saucony #runningshoes https://t.co/Oc3GM9Q8yu,Sat Oct 09 14:04:50 +0000 2021
1446915022425370600,273204025,"Dallas, TX",True,"{'type': 'Point', 'coordinates': [32.72091, -96.83393]}","{'type': 'Point', 'coordinates': [-96.83393, 32.72091]}",Bicep Curls sporting my new Nike Skull Cap. They match my weightlifting shoes! @kaepernick7 @nike @inov_8 @harbingerfitness @therock @usmc_gear @ LA Fitness https://t.co/OZgGWMqe1V,Sat Oct 09 19:06:38 +0000 2021
1446938173737775000,107618106,Maine,True,"{'type': 'Point', 'coordinates': [41.883222, -87.632496]}","{'type': 'Point', 'coordinates': [-87.632496, 41.883222]}","Tomorrow morning the battle begins on streets of @chimarathon with @galenruppofficial ready to rumble @nike @nbcsports @wmmajors #chicagomarathon #worldmarathonmajors #heavyweight division @ Chicago, Illinois https://t.co/f9gcPY9sXe",Sat Oct 09 20:38:38 +0000 2021
1446999346185003000,159728252,"Mill Creek, WA  98102",True,"{'type': 'Point', 'coordinates': [47.8572, -122.22039]}","{'type': 'Point', 'coordinates': [-122.22039, 47.8572]}","Stoked for these! @adidas Boost! @uw_football @uwathletics #BowDown @ Mill Creek, Washington https://t.co/CqYs3c4FEC",Sun Oct 10 00:41:42 +0000 2021
1447068513500291000,32739519,"Philadelphia, PA",True,"{'type': 'Point', 'coordinates': [39.9527, -75.1651]}","{'type': 'Point', 'coordinates': [-75.1651, 39.9527]}","#sneakers #sneakerhead #kicks #moto #bikelife #motolife #youngboss #ojv @adidasoriginals @adidas @ Philadelphia, Pennsylvania https://t.co/xyBH1PXabg",Sun Oct 10 05:16:33 +0000 2021
1447206752001351700,24836531,"Colorado Springs, CO",True,"{'type': 'Point', 'coordinates': [38.97269196, -104.77615148]}","{'type': 'Point', 'coordinates': [-104.77615148, 38.97269196]}",#runmizelrun #sunday @nike @nikegolf @titleist @mizunogolfnorthamerica ‚ù§Ô∏è‚õ≥Ô∏èüèåüèª‚Äç‚ôÇÔ∏èü¶ö‚ô•Ô∏èüèî @ Pine Creek Golf Club https://t.co/zNOOwm2yYS,Sun Oct 10 14:25:52 +0000 2021
1447333116406861800,1043911579211886600,"Pembroke Pines, FL",True,"{'type': 'Point', 'coordinates': [26.18437, -80.10892]}","{'type': 'Point', 'coordinates': [-80.10892, 26.18437]}",Gibbons Football - Touchdown  @cardinalgibbonsfootball   @cghsfl   @adidas  @adidasfootball   #nikon   #nikonphotography   #nikond6   #nikon400mmf28 @ Cardinal Gibbons High School FTL https://t.co/sxj0wmj6yk,Sun Oct 10 22:47:59 +0000 2021
1447316601238327300,364017179,Orange County,True,"{'type': 'Point', 'coordinates': [33.67, -117.78]}","{'type': 'Point', 'coordinates': [-117.78, 33.67]}","Who buys $120 Jordans for $20?!? This guy right here!! Thank you @nike @outletssc @jumpman23 @ Orange County, California https://t.co/dgUWKHJYkl",Sun Oct 10 21:42:22 +0000 2021
1447359616195641300,240356847,Miami,True,"{'type': 'Point', 'coordinates': [25.73199504, -80.33084501]}","{'type': 'Point', 'coordinates': [-80.33084501, 25.73199504]}","CrossFit Level 2
Neglecting mediocrity and sharpening our craft with this great group of coaches.
#thesweatlife
#teamSOUL
@crossfitsoul 
@crossfittraining 
@lululemon @ CrossFit Soul https://t.co/VAihuZe6WC",Mon Oct 11 00:33:17 +0000 2021
1447334875158220800,1043911579211886600,"Pembroke Pines, FL",True,"{'type': 'Point', 'coordinates': [26.18437, -80.10892]}","{'type': 'Point', 'coordinates': [-80.10892, 26.18437]}",Gibbons Homecoming with a Big visit by @troystellatoo  Alumini and @clemsonfb   @cardinalgibbonsfootball   @cghsfl   @adidas   @adidasfootball   #nikon   #nikonphotography   #nikond6   #nikkor https://t.co/zO89nnyQ3E,Sun Oct 10 22:54:59 +0000 2021
1447414922497908700,32739519,"Philadelphia, PA",True,"{'type': 'Point', 'coordinates': [40.00006441, -75.15746621]}","{'type': 'Point', 'coordinates': [-75.15746621, 40.00006441]}",#sneakerhead #moto #sneakers #bikelife #youngboss #rider @nike @ North Side of Philly https://t.co/xtEiiBGegi,Mon Oct 11 04:13:03 +0000 2021
1447551255182655500,260208105,N 42¬∞57' 0'' / W 78¬∞52' 0'',True,"{'type': 'Point', 'coordinates': [42.9047, -78.8494]}","{'type': 'Point', 'coordinates': [-78.8494, 42.9047]}","Dear Nike Company‚Ä¶
@joshallenqb @nike #airallen #leaps #gotjumps #billsbyabillion @ Buffalo, New York https://t.co/hN1YIcwIgf",Mon Oct 11 13:14:48 +0000 2021
1447625650764845000,23583073,In A Glass Case Of Emotion,True,"{'type': 'Point', 'coordinates': [33.9404307, -118.2215688]}","{'type': 'Point', 'coordinates': [-118.2215688, 33.9404307]}",üëÄüëÄüëÄüëÄüëÄüëÄ https://t.co/7R3xFTVSnH,Mon Oct 11 18:10:25 +0000 2021
1448046301875212300,1898329946,Pluto,True,"{'type': 'Point', 'coordinates': [25.80115248, -80.19960788]}","{'type': 'Point', 'coordinates': [-80.19960788, 25.80115248]}","Custom Bape AF1‚Äôs @nike #nike #sneakers #explore #artwork #artist #wynwood #shoes #custom #custommade #blackowned @ Wynwood Walls &amp; Art District, Miami https://t.co/KO1p6gCBtu",Tue Oct 12 22:01:56 +0000 2021
1448052947531731000,32739519,"Philadelphia, PA",True,"{'type': 'Point', 'coordinates': [40.035359, -75.021204]}","{'type': 'Point', 'coordinates': [-75.021204, 40.035359]}",#snkrskickcheck @nike #sneakerhead #sneakers #kicks #moto #biker #bikelife #youngboss @ Holmesburg https://t.co/itUntojKvW,Tue Oct 12 22:28:20 +0000 2021
1448093871167115300,55568071,Darrenbrand@gmail.com ,True,"{'type': 'Point', 'coordinates': [35.22694444, -80.84333333]}","{'type': 'Point', 'coordinates': [-80.84333333, 35.22694444]}","Man listen ‚Ä¶ if you know me ‚Ä¶. You already know this is CRAZY !!!! 

So honored to be part of @nike and team #YardRunners !!! 

I just do dope shit and stay out the way 

@nikesportswear 
@2stepsahead__ 
@3rwp 
#HBCU https://t.co/5SVh0l1u8i",Wed Oct 13 01:10:57 +0000 2021
1448091536768503800,240356847,Miami,True,"{'type': 'Point', 'coordinates': [25.73199504, -80.33084501]}","{'type': 'Point', 'coordinates': [-80.33084501, 25.73199504]}","PVC Snatch Drills 
I‚Äôm a firm believer that the sharpening of technique and mechanics for the lifts starts with how you move a PVC. 
#thesweatlife 
#teamSOUL
@crossfitsoul 
@teamsoul 
 @lululemon @ CrossFit Soul https://t.co/Hn9VfuD6wy",Wed Oct 13 01:01:41 +0000 2021
1448247242935074800,255415396,United States,True,"{'type': 'Point', 'coordinates': [35.78407723, -78.67159566]}","{'type': 'Point', 'coordinates': [-78.67159566, 35.78407723]}",üê∫üêæ @adidas x @ncstate /// @ NC State University https://t.co/lELiSdGyC0,Wed Oct 13 11:20:24 +0000 2021
1448300878255964200,202556666,Philly and Ormond Beach FL,True,"{'type': 'Point', 'coordinates': [29.28893, -81.0463]}","{'type': 'Point', 'coordinates': [-81.0463, 29.28893]}","Tennis Time;
@babolat racket.
@adidas shoes
@nikesportswear tennis shorts
#nosocks
@phltennisclub t-shirt
#phillystyle 
#theexperience @ Ormond Beach Tennis Center https://t.co/UdKcgAd8F9",Wed Oct 13 14:53:32 +0000 2021
1448384868648304600,298893416,"California, USA",True,"{'type': 'Point', 'coordinates': [33.6778, -116.2953]}","{'type': 'Point', 'coordinates': [-116.2953, 33.6778]}","Chasing Greatness üôåüèøüíôüö®
.
.
. 
Photo Credit üì∏: @deckersview_
.
.
@weballsports @nike @usnikefootball @kbandstraining @hydroflask @cutterssports @ La Quinta, California https://t.co/aTwzUV3sIc",Wed Oct 13 20:27:17 +0000 2021
1448415047345131500,631176278,3185 W. Siebenthaler Ave,True,"{'type': 'Point', 'coordinates': [39.79927963, -84.23922525]}","{'type': 'Point', 'coordinates': [-84.23922525, 39.79927963]}",@nike Joggers are in they will not last long!! @citygear @citygearnwest108 @citygeardistrict16in #citygear #citygearstyle #citygearfresh #citygearheat #citygearnwest108 @ City Gear https://t.co/NJsj8Mis5P,Wed Oct 13 22:27:12 +0000 2021
1449021023597338600,71606349,"Georgia, USA",True,"{'type': 'Point', 'coordinates': [32.184, -80.7197]}","{'type': 'Point', 'coordinates': [-80.7197, 32.184]}","If imma be tardy at least imma be fashionably lateüíÅüèæ‚Äç‚ôÄÔ∏èüòé

#NoWaistNoCaseü§ê

Dress by @boohoo 
Fishnets by @torrid 
Air Force 1s by @nike @ Hilton Head Island, South Carolina https://t.co/NPCznAf27f",Fri Oct 15 14:35:08 +0000 2021
1449023540632727600,186907866,"Seattle
",True,"{'type': 'Point', 'coordinates': [45.50715, -122.82844]}","{'type': 'Point', 'coordinates': [-122.82844, 45.50715]}",Nice little jog around @nike this morning. ü§Ø I can‚Äôt believe I get to work here. Somebody wake me up. #whq @ Nike World Headquarters https://t.co/i8yGO3pxYw,Fri Oct 15 14:45:08 +0000 2021
1449144777857896400,1038678013,‚ÑìŒπŒΩŒπ–∏' Œπ–∏ Œ± ‚àÇ—è—îŒ±–º‚ú® || a—Çl –≤Œ±–≤—É,True,"{'type': 'Point', 'coordinates': [34.21094451, -84.14456601]}","{'type': 'Point', 'coordinates': [-84.14456601, 34.21094451]}",oh snap new hpf merch got me likeü§© @horsepower.fitness @lululemon @nobull // 10.15.21 @ Horsepower Fitness https://t.co/wDOLOtWHhh,Fri Oct 15 22:46:53 +0000 2021
1449140161779048400,35996160,"Los Angeles, CA",True,"{'type': 'Point', 'coordinates': [37.7793, -122.419]}","{'type': 'Point', 'coordinates': [-122.419, 37.7793]}","‚ÄúFailure‚Äôs not an option. It‚Äôs a step‚Äù ‚Äî‚Äî@nike #AD By @errickasumatra 

üì∏: @mattsdemise 
üíö: #styledbyerrickasumatra @ San Francisco, California https://t.co/20g8qTlnqW",Fri Oct 15 22:28:32 +0000 2021
1449452451640189000,35996160,"Los Angeles, CA",True,"{'type': 'Point', 'coordinates': [37.7793, -122.419]}","{'type': 'Point', 'coordinates': [-122.419, 37.7793]}","Start unknown. 
Finish unforgettable.
@nike + @alealimay #AD by @errickasumatra üíö

üì∏: @mattsdemise 
#styledbyerrickasumatra @ San Francisco, California https://t.co/TgPVmKbpgc",Sat Oct 16 19:09:28 +0000 2021
1449511871703289900,35885975,Milw WI 414 San Antonio 210   ,True,"{'type': 'Point', 'coordinates': [29.4167, -98.5]}","{'type': 'Point', 'coordinates': [-98.5, 29.4167]}","#woft #kotd I'm not a Lakers fan at all...but I love Lebron 8s and this ""Lakers"" colorway was a must have!!!

üëü: @nike @kingjames VIII ""Lakers"" @ San Antonio, Texas https://t.co/AjfyTeKn74",Sat Oct 16 23:05:35 +0000 2021
1449537175901646800,22239602,Instagram: CEJones01,True,"{'type': 'Point', 'coordinates': [34.18458621, -84.08600807]}","{'type': 'Point', 'coordinates': [-84.08600807, 34.18458621]}","Before &amp; After 
Finally cleaned‚Ä¶ Now I just need more containers ü§¶üèæ‚Äç‚ôÇÔ∏è I‚Äôve tried but I just can‚Äôt quit!! 

#sknrskickcheck @nike @adidas @saucony @kswiss @newbalance @ewingathletics @asics @reebok @jumpman23 @pony https://t.co/4qF8UZu6YS",Sun Oct 17 00:46:08 +0000 2021
1449560218958979000,35996160,"Los Angeles, CA",True,"{'type': 'Point', 'coordinates': [37.7793, -122.419]}","{'type': 'Point', 'coordinates': [-122.419, 37.7793]}","Earned. Not Given! üí´

@nike #AD by @errickasumatra Featuring @alealimay @jumpman23 

üì∏: @mattsdemise 
üíö: #styledbyerrickasumatra @ San Francisco, California https://t.co/P2v8BvM14J",Sun Oct 17 02:17:42 +0000 2021
1449807314882547700,40960244,"Long Beach, CA",True,"{'type': 'Point', 'coordinates': [34.13432955, -118.32193315]}","{'type': 'Point', 'coordinates': [-118.32193315, 34.13432955]}",Sunrise Griffith Park miles with my fast lady @tryfit  Perfect start to my Sundayüëç. @lululemon @arunningexperienceclub @tribelongbeach @hoka @spring_energy #ultrarunning #bayshoretri @ Hollywood Sign https://t.co/6pybTejSSa,Sun Oct 17 18:39:34 +0000 2021
1449828408658210800,30085825,N 35¬∞57' 0'' / W 78¬∞48' 0'',True,"{'type': 'Point', 'coordinates': [34.08967218, -118.38503748]}","{'type': 'Point', 'coordinates': [-118.38503748, 34.08967218]}",Amazing day today at WELLNESS RECESS!! thank you @naturemadevitamins and @iamwellandgood for having me!!! And special thanks to @msjeanettejenkins for an amazing workout!!!! Fit: @lululemon https://t.co/ssap7D18ED,Sun Oct 17 20:03:23 +0000 2021
1449838102680375300,32739519,"Philadelphia, PA",True,"{'type': 'Point', 'coordinates': [40.035359, -75.021204]}","{'type': 'Point', 'coordinates': [-75.021204, 40.035359]}",#snkrskickcheck @nike #sneakerhead #sneakers #moto #bikerlife #bikelife #youngboss @ Holmesburg https://t.co/9b6OwfjJJt,Sun Oct 17 20:41:55 +0000 2021
1449901471630250000,89863011,"Los Angeles, CA",True,"{'type': 'Point', 'coordinates': [45.50715, -122.82844]}","{'type': 'Point', 'coordinates': [-122.82844, 45.50715]}",‚Ä¶‚Äùyour greatest enemy is your ‚Äòinner me‚Äô; it‚Äôs the conversation you have in your mind..‚Äù - @jasonmayden @nike #CosmicStudiosPDX #FerrariMinds #RainTodayRainTomorrow #ItsGonnaRain #bringmesomechocolatesoup üåé https://t.co/5Ct5iiNFVu,Mon Oct 18 00:53:43 +0000 2021
1449906759053811700,1043911579211886600,"Pembroke Pines, FL",True,"{'type': 'Point', 'coordinates': [26.37545356, -80.10168314]}","{'type': 'Point', 'coordinates': [-80.10168314, 26.37545356]}","Cardinal Gibbons - 1 Play, 1 Group, 1 Team, 1 Nation, 1 Goal‚Ä¶. @cardinalgibbonsfootball   @cghsfl   @adidas   @adidasfootball   #nikon   #nikonphotography   #nikond6   #nikkor @ FAU Stadium https://t.co/MMaRy5rdWi",Mon Oct 18 01:14:43 +0000 2021
1449972424750084000,1287034205944156200,"Houston, TX",True,"{'type': 'Point', 'coordinates': [45.42234728, -122.7888485]}","{'type': 'Point', 'coordinates': [-122.7888485, 45.42234728]}","no limit to where I can take it‚Ä¶

#snkrskickcheck @nike @jumpman23 @ Selfie Wrld Pdx https://t.co/7YGWA2Jsuk",Mon Oct 18 05:35:39 +0000 2021
1450167599799718000,2846968604,"New York, NY",True,"{'type': 'Point', 'coordinates': [40.71270142, -74.00589108]}","{'type': 'Point', 'coordinates': [-74.00589108, 40.71270142]}",Wicked Games; with @praiselevii #photography @nikkokefalas #mensfashion #mensstyle #malemodel @soulartistmgmt @umodelsnyc #mensoutfit #streetstyle #phrographer #visualartist #nikkokefalas #athletics @adidas https://t.co/veaTuLsNFW,Mon Oct 18 18:31:13 +0000 2021
1450247426930057200,32739519,"Philadelphia, PA",True,"{'type': 'Point', 'coordinates': [40.035359, -75.021204]}","{'type': 'Point', 'coordinates': [-75.021204, 40.035359]}",#snkrskickcheck @nike #sneakerhead #sneakers #kicks #moto #bikelife #youngboss #rider @ Holmesburg https://t.co/qV8qBnUKhf,Mon Oct 18 23:48:25 +0000 2021
1450271854179111000,204699292,philly ,True,"{'type': 'Point', 'coordinates': [40.05741988, -75.14318774]}","{'type': 'Point', 'coordinates': [-75.14318774, 40.05741988]}",@nike  #ldwaffle @ Uptown https://t.co/3wxmv3K0XN,Tue Oct 19 01:25:29 +0000 2021
1450470779909464000,631176278,3185 W. Siebenthaler Ave,True,"{'type': 'Point', 'coordinates': [39.79927963, -84.23922525]}","{'type': 'Point', 'coordinates': [-84.23922525, 39.79927963]}",New White and Orange @nike AF1 low available now in Men sizes @citygear @citygeardistrict16in @citygearnwest108 #citygear #citygearkicks #citygearstyle #citygearstyle #citygearheat #citygearnwest108 @ City Gear https://t.co/tgm5YJYQr4,Tue Oct 19 14:35:57 +0000 2021
1450523295757914000,631176278,3185 W. Siebenthaler Ave,True,"{'type': 'Point', 'coordinates': [39.79927963, -84.23922525]}","{'type': 'Point', 'coordinates': [-84.23922525, 39.79927963]}",Women‚Äôs @nike #airmax97 available now in store @citygearnwest108 @citygear @citygeardistrict16in #citygear #citygearkicks #citygearheat #citygearstyle #womensairmax97 #citygearnwest108 #citygearqueen @ City Gear https://t.co/q0Q9GQByHh,Tue Oct 19 18:04:37 +0000 2021
1450602945872076800,240356847,Miami,True,"{'type': 'Point', 'coordinates': [25.7318735, -80.260023]}","{'type': 'Point', 'coordinates': [-80.260023, 25.7318735]}","RISE UP.
WISE UP.
EYES UP.
#teamSOUL
#thesweatlife
@crossfitsoul 
@lululemon 
üì∏: @gabriellepeige @ Shops at Merrick Park https://t.co/ANFIQjnk52",Tue Oct 19 23:21:07 +0000 2021
1451174027234480000,24836531,"Colorado Springs, CO",True,"{'type': 'Point', 'coordinates': [38.97269196, -104.77615148]}","{'type': 'Point', 'coordinates': [-104.77615148, 38.97269196]}",#runmizelrun ‚õ≥Ô∏èüèåüèª‚Äç‚ôÇÔ∏è @nike @adidas @apple @pinecreekgc @ Pine Creek Golf Club https://t.co/ecxOOVTA6k,Thu Oct 21 13:10:24 +0000 2021
1451220061495124000,269534866,"Dallas, TX ",True,"{'type': 'Point', 'coordinates': [32.93625, -96.811134]}","{'type': 'Point', 'coordinates': [-96.811134, 32.93625]}","It‚Äôs been a few weeks since I‚Äôve bought a pair 
Of kicks‚Ä¶ @nike ain‚Äôt been dropping nothing",Thu Oct 21 16:13:19 +0000 2021
1451242426467815400,16274657,"San Bruno, CA",True,"{'type': 'Point', 'coordinates': [37.6253, -122.425]}","{'type': 'Point', 'coordinates': [-122.425, 37.6253]}","It‚Äôs raining &amp; that means breakout the sneaker boots. Been sitting on these for a couple years, cuz there hasn‚Äôt been rain! @nike #nike #sneakerboots #rain @goretexna #wearyourshoes https://t.co/wFybZHdmFh",Thu Oct 21 17:42:11 +0000 2021
1451355979795374000,40960244,"Long Beach, CA",True,"{'type': 'Point', 'coordinates': [33.79945185, -118.16561401]}","{'type': 'Point', 'coordinates': [-118.16561401, 33.79945185]}",Full moon miles with the hill master @qhudsonhornet  Putting in the work for his first ultraüëç.  @runcatalina @arunningexperienceclub @hoka @lululemon #ultrarunning @ Signal Hill  - Hilltop Park https://t.co/YUaTUqn8ku,Fri Oct 22 01:13:25 +0000 2021
1451596337921863700,29935413,San Francisco,True,"{'type': 'Point', 'coordinates': [36.83893357, -119.76224809]}","{'type': 'Point', 'coordinates': [-119.76224809, 36.83893357]}",just keep goingüôÅ #tgif #friyay #work #mood #positivevibes #attitude #runway #radiationtherapist #essentialworkers #caregiver #strut #fresno @wearfigs @nike @ Fresno cCARE Cancer Center https://t.co/cFz18mNY4X,Fri Oct 22 17:08:30 +0000 2021
1451664182475214800,132433142,"The Bay Area, California",True,"{'type': 'Point', 'coordinates': [37.8029, -122.2721]}","{'type': 'Point', 'coordinates': [-122.2721, 37.8029]}","‚ÄúThis is #StraightToFeet who this?‚Äù @thesocialstatus @nike @true_sf @true_oakland üçìü•õüçìü•õüçìü•õ @ Oakland, California https://t.co/vCExRjqguu",Fri Oct 22 21:38:06 +0000 2021
1451697412737802200,29935413,San Francisco,True,"{'type': 'Point', 'coordinates': [36.7707304, -119.71926852]}","{'type': 'Point', 'coordinates': [-119.71926852, 36.7707304]}",#vegas bound‚úàÔ∏è #edc #weekendvibes #mood #muchneeded #whathappensinvegas #relaxation #recharge @louisvuitton @nike @ Fresno Yosemite International Airport https://t.co/bYZ5YRZipZ,Fri Oct 22 23:50:09 +0000 2021
1451762940697321500,32739519,"Philadelphia, PA",True,"{'type': 'Point', 'coordinates': [39.984473, -75.127547]}","{'type': 'Point', 'coordinates': [-75.127547, 39.984473]}",#snkrskickcheck @nike #sneakerhead #kicks #moto #bikelife #sneakers #rider #youngboss #hustle @ East Kensington https://t.co/NeDW6P4GzH,Sat Oct 23 04:10:32 +0000 2021
1451988069947748400,127648730,notforsale,True,"{'type': 'Point', 'coordinates': [33.9158334, -117.4418098]}","{'type': 'Point', 'coordinates': [-117.4418098, 33.9158334]}",@nike x @cactusplantfleamarket.xyz ‚ûø @ In-N-Out Burger https://t.co/736jQKV86E,Sat Oct 23 19:05:07 +0000 2021
1452255482337452000,40960244,"Long Beach, CA",True,"{'type': 'Point', 'coordinates': [30.2677, -97.7475]}","{'type': 'Point', 'coordinates': [-97.7475, 30.2677]}","Early training with @hagaamy ‚Äòs husband on the Austin river trails.  Positive start to a big dayüëç @lululemon @hoka @arunningexperienceclub @tribelongbeach @spring_energy @ Austin, Texas https://t.co/ftk0xC78xd",Sun Oct 24 12:47:43 +0000 2021
1452343888144896000,3818771,Western NY & Others,True,"{'type': 'Point', 'coordinates': [42.9145378, -78.7616059]}","{'type': 'Point', 'coordinates': [-78.7616059, 42.9145378]}","Bought a pair of 9‚Äô shorts because they were the only ones left &amp; some guy also was looking for a similar camodesign (at @lululemon athletica in Buffalo, NY) https://t.co/mVvzpDV8c9",Sun Oct 24 18:39:00 +0000 2021
1452433823464149000,227458722,Houston,True,"{'type': 'Point', 'coordinates': [29.75105494, -95.36214276]}","{'type': 'Point', 'coordinates': [-95.36214276, 29.75105494]}","Ending the evening watching those @houstonrockets with my favorite girls!

Cap: @toxicapparelusa by @toxicmeech

Glasses &amp; Purse: @gucci 
 
Shoes: @nike

Lipstick: RubyWoo by @maccosmetics https://t.co/ZQjZZ1Tc6O",Mon Oct 25 00:36:23 +0000 2021
1452674915023327200,17965421,New York City,True,"{'type': 'Point', 'coordinates': [40.72980111, -73.83419496]}","{'type': 'Point', 'coordinates': [-73.83419496, 40.72980111]}","@kith x @nike Basketball Court, in Queens, now open to the public. üèÄ @ Triassic Playground https://t.co/hEPKGi2jpq",Mon Oct 25 16:34:23 +0000 2021
1453025279413260300,24836531,"Colorado Springs, CO",True,"{'type': 'Point', 'coordinates': [38.97269196, -104.77615148]}","{'type': 'Point', 'coordinates': [-104.77615148, 38.97269196]}",500!!! Keep running Mizel!  üòÉ #runmizelrun ‚ù§Ô∏è‚õ≥Ô∏èüèåüèª‚Äç‚ôÇÔ∏èü¶ö #run @adidasgolf @adidas @adidasoriginals @apple #birdie @ Pine Creek Golf Club https://t.co/fGxNxg74mu,Tue Oct 26 15:46:37 +0000 2021
1453062259689853000,390135305,United States,True,"{'type': 'Point', 'coordinates': [40.7779, -73.9675]}","{'type': 'Point', 'coordinates': [-73.9675, 40.7779]}","Started the week with family dinner! I am truly blessed to have such an amazing job, be around such incredible talent, and have such wonderful friends! Love you guys!! @lululemon @getthemirror #thesweatlife #getthemirror https://t.co/gFaT4wcYK5",Tue Oct 26 18:13:33 +0000 2021
1453062013572296700,22152784,"Wilmington, De",True,"{'type': 'Point', 'coordinates': [39.75864043, -75.5470858]}","{'type': 'Point', 'coordinates': [-75.5470858, 39.75864043]}","üêêüêêüêê @nike just send mine in advance please same size 11 @ The Triangle, Wilmington https://t.co/LrYq1Veabf",Tue Oct 26 18:12:35 +0000 2021
1453175316151738400,26425674,Cedar Crest Golf Course,True,"{'type': 'Point', 'coordinates': [29.75718715, -95.35575986]}","{'type': 'Point', 'coordinates': [-95.35575986, 29.75718715]}",World Series 2021! I'm in the building!!! Thanks @nike! #nikesftaff #Nike #golf #swooh #hermannparkgc #houston #Astros @ Minute Maid Park https://t.co/HndFyi93qz,Wed Oct 27 01:42:48 +0000 2021
1453176390195556400,62647031,"West Orange, NJ",True,"{'type': 'Point', 'coordinates': [40.81485975, -74.21908781]}","{'type': 'Point', 'coordinates': [-74.21908781, 40.81485975]}","I'm at @lululemon athletica in Montclair, NJ https://t.co/tjtd7B6lTs",Wed Oct 27 01:47:04 +0000 2021
1453382435694125000,980044135162839000,"Manhattan, NY",True,"{'type': 'Point', 'coordinates': [40.747149, -73.936101]}","{'type': 'Point', 'coordinates': [-73.936101, 40.747149]}","#checkshirtswag 

New post on üëÜüèªhttps://t.co/tq1wZsy1PEüëÜüèª 

@baumundpferdgarten @aritzia @adidas @seebychloe 

#artyszka #artyszkainnyc #agnesartych @ Long Island City https://t.co/GnLRHJ4721",Wed Oct 27 15:25:49 +0000 2021
1453743766435778600,76867877,ALL OVER DA WORLD,True,"{'type': 'Point', 'coordinates': [28.13333333, -81.63166667]}","{'type': 'Point', 'coordinates': [-81.63166667, 28.13333333]}",NEXT STOP COSTA RICA üôèüèæ‚úàÔ∏è #DoAir @nike SEND ME MY SPONSORSHIP üòéüëë @ Florida https://t.co/McIhC68LRp,Thu Oct 28 15:21:37 +0000 2021
1453746627995394000,30747955,Does it matter?,True,"{'type': 'Point', 'coordinates': [38.85052207, -76.73599064]}","{'type': 'Point', 'coordinates': [-76.73599064, 38.85052207]}","Decided today to show some Tiger üêÖ love ‚ù§Ô∏è 

Shout out to @nike and their #HBCU Collection they dropped earlier this year! 

‚ÄúWhere Savannah meets the sea‚Ä¶‚Ä¶‚Äù
~Civil Engineering Technology~
#HBCUsMatter https://t.co/v8SUXKfESF",Thu Oct 28 15:33:00 +0000 2021
1453836955045740500,21454096,Portland,True,"{'type': 'Point', 'coordinates': [45.53587, -122.69002]}","{'type': 'Point', 'coordinates': [-122.69002, 45.53587]}","It‚Äôs been a minute since we head new @nike , it‚Äôs been even longer since we had some great running shoes. Online now we have the #pegasus38 &amp; #reactinfinityrun up to size 18! #oddballshoes @ https://t.co/MRzfwcaokK https://t.co/Ud0ekkJpe2",Thu Oct 28 21:31:55 +0000 2021
1453848991687266300,38350414,San Francisco,True,"{'type': 'Point', 'coordinates': [38.3048, -122.299]}","{'type': 'Point', 'coordinates': [-122.299, 38.3048]}","New Shoes with the Nike Swooosh for ‚ÄúJaycee‚Äù X  sox from Carole Lennon‚Äôs Cousin Anita Vaughn. #newshoes @nike @nikewomen @nike.__shoes @nikesb @ Napa, California https://t.co/zGDLrm4I5x",Thu Oct 28 22:19:45 +0000 2021
1453873518320316400,23097951,"Seattle, WA",True,"{'type': 'Point', 'coordinates': [47.694174, -122.35533]}","{'type': 'Point', 'coordinates': [-122.35533, 47.694174]}",It‚Äôs that time of year again! Time to bring out the #rain gear @hunterboots @nikeacgcommunity @nike #ACG #seattle @ Greenwood https://t.co/dFkuGLXHJb,Thu Oct 28 23:57:13 +0000 2021
1454311861969637400,132433142,"The Bay Area, California",True,"{'type': 'Point', 'coordinates': [37.8029, -122.2721]}","{'type': 'Point', 'coordinates': [-122.2721, 37.8029]}","When people just put anything on‚Ä¶ @gucci x @louisvuitton x @adidas ü§î @ Oakland, California https://t.co/0vpQ5lKLUY",Sat Oct 30 04:59:02 +0000 2021
1454387640996966400,232717936,Floating over Michigan,True,"{'type': 'Point', 'coordinates': [34.0564, -118.2445]}","{'type': 'Point', 'coordinates': [-118.2445, 34.0564]}","Still Coming #Halloween in #LA On My #BDay #Weekend &amp; #Home For Halloween On Halloween To Take My Young King Trick Or Treating #DadsAlwaysOnTheJob #DidIDoAGoodJob @nike @ Los Angeles, California https://t.co/PeTMF3CH4X",Sat Oct 30 10:00:09 +0000 2021
1454566884892885000,25626284,"Sunbeam, New Jersey",True,"{'type': 'Point', 'coordinates': [41.003, -75.0731]}","{'type': 'Point', 'coordinates': [-75.0731, 41.003]}","Sunfish Pond. Where half the trail is under water. Once we got to the pond, Buster laid in the water üôÉ. Rest In Peace to my @adidas trail shoes. @ Sunfish Pond https://t.co/FQTIh1qI7W",Sat Oct 30 21:52:24 +0000 2021
1454613865271005200,20578103,"Bronx, NY",True,"{'type': 'Point', 'coordinates': [40.71270142, -74.00589108]}","{'type': 'Point', 'coordinates': [-74.00589108, 40.71270142]}","Me as Run D.M.C.....Holloween 2021 Pre-Birthday Vibes. @adidasnyc @adidasoriginals @adidas @kangol #NYC #agency3229 #rundmc #80s #oldhiphop @ New York City, N.Y. https://t.co/GOMCmWNlbk",Sun Oct 31 00:59:05 +0000 2021
1454852731902906400,240356847,Miami,True,"{'type': 'Point', 'coordinates': [25.73199504, -80.33084501]}","{'type': 'Point', 'coordinates': [-80.33084501, 25.73199504]}","Spooky workout session this morningüéÉüëª 
#thesweatlife
#happyhalloween 
@crossfitsoul 
@lululemon @ CrossFit Soul https://t.co/Bu92Q1zO1X",Sun Oct 31 16:48:15 +0000 2021
1454914352662909000,21582807,"Palm Desert, CA",True,"{'type': 'Point', 'coordinates': [33.719995, -116.383183]}","{'type': 'Point', 'coordinates': [-116.383183, 33.719995]}","I'm at @lululemon athletica in Palm Desert, CA https://t.co/APq4w6jZiL",Sun Oct 31 20:53:07 +0000 2021
1454948981138620400,28366720,"New Jersey, USA",True,"{'type': 'Point', 'coordinates': [38.95691685, -77.03316687]}","{'type': 'Point', 'coordinates': [-77.03316687, 38.95691685]}","My original plan for today was to be at @lululemon , dressed like this, but due to last minute plan changes (because the company cares about our safety üíï), I wore it to workout in the gym instead üí™.  Happy Halloween! https://t.co/ccABzpIfvP",Sun Oct 31 23:10:43 +0000 2021
1454968712499433500,88987638,"Miami, FL",True,"{'type': 'Point', 'coordinates': [25.7751, -80.1936]}","{'type': 'Point', 'coordinates': [-80.1936, 25.7751]}","Ant nothing like Coaching a Group of young me that Love getting life long information. @miamiedison_fb @adidas @ryan @ Miami, Florida https://t.co/DlAop7Esmb",Mon Nov 01 00:29:07 +0000 2021
1455249224979914800,2278656133,Sunny SoCal,True,"{'type': 'Point', 'coordinates': [33.615376, -117.88366]}","{'type': 'Point', 'coordinates': [-117.88366, 33.615376]}",When all you can #roshe is think about‚Ä¶ #scpga39 #wearesocalpga #swooshelitestaff #teamcallawaystaffer @nike @nikegolf @ Newport Beach Country Club https://t.co/CxHkmIUL9p,Mon Nov 01 19:03:47 +0000 2021
1455653979203965000,1395549325539770400,"Minneapolis, MN",True,"{'type': 'Point', 'coordinates': [44.9725291, -93.2818457]}","{'type': 'Point', 'coordinates': [-93.2818457, 44.9725291]}","10th Floor Fools: this is #why #intelligence #unencumbered can #justdoit, #amirite @nike? You know that Nike is named after a #goddess? Neat. #themoreyouknow #gay #minneapolis #vote #slumlord #cuntlife #toottoot https://t.co/rCh01Yl9c9",Tue Nov 02 21:52:08 +0000 2021
1455656932203769900,2421127980,"Rock Island, IL",True,"{'type': 'Point', 'coordinates': [41.682937, -91.562721]}","{'type': 'Point', 'coordinates': [-91.562721, 41.682937]}","I'm at @lululemon in Coralville, IA https://t.co/urruBQfoNZ",Tue Nov 02 22:03:52 +0000 2021
1455732805120499700,1043911579211886600,"Pembroke Pines, FL",True,"{'type': 'Point', 'coordinates': [26.30290575, -80.15381167]}","{'type': 'Point', 'coordinates': [-80.15381167, 26.30290575]}",Pines Charter Show its Guns for the upcoming Season @pines_charter_jaguarbasketball   #nikon   #nikknphotography   #nikond6   #nikkor   @nike   @nikebasketball @ DS Sports Plex https://t.co/8IrNkJo2gK,Wed Nov 03 03:05:21 +0000 2021
1455900136316436500,631176278,3185 W. Siebenthaler Ave,True,"{'type': 'Point', 'coordinates': [39.79927963, -84.23922525]}","{'type': 'Point', 'coordinates': [-84.23922525, 39.79927963]}",It‚Äôs time to bundle up stop in and check out new fleece options @nike @citygearnwest108 @citygear @citygeardistrict16in #citygearstyle #citygearheat #citygearfresh #nike #nikejoggers @ City Gear https://t.co/XmPdxrOE6v,Wed Nov 03 14:10:16 +0000 2021
1456154630572761000,1488781272,Hancock Park / Los Angeles ,True,"{'type': 'Point', 'coordinates': [34.06091851, -118.43719719]}","{'type': 'Point', 'coordinates': [-118.43719719, 34.06091851]}",Lounging in @lululemon kitchen vibes #mensfashion @ Wilshire Corridor - Golden Mile https://t.co/tN4OKNYCxE,Thu Nov 04 07:01:32 +0000 2021
1456264273223553000,573263208,"Philadelphia, PA",True,"{'type': 'Point', 'coordinates': [40.02047, -75.31413]}","{'type': 'Point', 'coordinates': [-75.31413, 40.02047]}",I love these cool new blue Air Max 90 kicks that I‚Äôm rocking today!  Check out the added swoosh bling that they came with on the laces! üíé @nike #airmax90 #swoosh #bling #electricblue #KOTD #sneakerhead @drjbloom https://t.co/yNVIB9NimI,Thu Nov 04 14:17:13 +0000 2021
1456276096169697300,33359546,https://v.gd/h9000,True,"{'type': 'Point', 'coordinates': [44.08948024, -93.2383693]}","{'type': 'Point', 'coordinates': [-93.2383693, 44.08948024]}","Just do it, @Nike missile defense systems. ‚ò¢Ô∏èüçÑ @ Owatonna Orphanage https://t.co/YjKKdzBwdk",Thu Nov 04 15:04:12 +0000 2021
1456309977539223600,14861579,"Westdale / Culver City, CA ",True,"{'type': 'Point', 'coordinates': [34.04658747, -118.43014506]}","{'type': 'Point', 'coordinates': [-118.43014506, 34.04658747]}","Snatched the LAST PAIR!
@nike #reactescaperun from @nordstrom üêù‚ù§Ô∏è
#treatyourself #shoesaddict #sneakerhead #prettyisasprettydoes @ West Los Angeles https://t.co/OffdmGgJvp",Thu Nov 04 17:18:50 +0000 2021
1456313796612563000,491011807,"Austin, TX",True,"{'type': 'Point', 'coordinates': [30.108473, -97.33324]}","{'type': 'Point', 'coordinates': [-97.33324, 30.108473]}","Pretty dope custom Big Mic backpack/gym bag. 
#branding #adidas @adidas #merch #goods #gymbag #backpack #fitness #music @ Planet Fitness https://t.co/4Hg6EGlkF4",Thu Nov 04 17:34:00 +0000 2021
1456353961187872800,21454096,Portland,True,"{'type': 'Point', 'coordinates': [45.53587, -122.69002]}","{'type': 'Point', 'coordinates': [-122.69002, 45.53587]}",Just put these @nike #kyrie7 up to size 18 up on the site today. Even if he‚Äôs not playing right now doesn‚Äôt mean you can‚Äôt be! #oddballshoes @ https://t.co/MRzfwcaokK https://t.co/BMVRohhjzE,Thu Nov 04 20:13:36 +0000 2021
1456686841084752000,1249901208,"Toledo, Ohio",True,"{'type': 'Point', 'coordinates': [41.6503, -83.5401]}","{'type': 'Point', 'coordinates': [-83.5401, 41.6503]}","Supported the mud today! And these are my fav colors and my fav tennis shoe brand. Thanks @wemidwestkids and @adidas! #brand #mudmade #thisistoledo #alistwithamber @ Toledo, Ohio https://t.co/CI9XjvB99n",Fri Nov 05 18:16:21 +0000 2021
1456865516547682300,32739519,"Philadelphia, PA",True,"{'type': 'Point', 'coordinates': [39.984473, -75.127547]}","{'type': 'Point', 'coordinates': [-75.127547, 39.984473]}",Fashion is expressing our roots while developing a new art #snkrskickcheck @nike @nikesb #sneakers #sneakerhead #kicks #moto #motorbike #bikelife #youngboss #latino @ East Kensington https://t.co/ntShkjckv3,Sat Nov 06 06:06:21 +0000 2021
1457008554565685200,2747711383,"Colona, IL",True,"{'type': 'Point', 'coordinates': [41.8002604, -88.2722121]}","{'type': 'Point', 'coordinates': [-88.2722121, 41.8002604]}","I'm at @Nike Factory Store in Aurora, IL https://t.co/VFOl33xHZh",Sat Nov 06 15:34:43 +0000 2021
1457434108058128400,631176278,3185 W. Siebenthaler Ave,True,"{'type': 'Point', 'coordinates': [39.79927963, -84.23922525]}","{'type': 'Point', 'coordinates': [-84.23922525, 39.79927963]}",@nike kids Christmas socks just in limited sizes get yours while they‚Äôre here! @citygearnwest108 @citygeardistrict16in @citygear #nike #christmassocks #citygearstyle #citygearheat #citygearfresh @ City Gear https://t.co/t3bz8IMiFG,Sun Nov 07 19:45:43 +0000 2021
1457453760159096800,1043911579211886600,"Pembroke Pines, FL",True,"{'type': 'Point', 'coordinates': [26.37545356, -80.10168314]}","{'type': 'Point', 'coordinates': [-80.10168314, 26.37545356]}",FAU Football vs Marshall   @faufootball   @fauathletics   @adidas   @adidasfootball @cusafb   #nikon   #nikonphotography   #nikond6   #nikkor @ FAU Stadium https://t.co/yWZVtY0T7m,Sun Nov 07 21:03:49 +0000 2021
1457500187270713300,428004599,"Frisco, TX",True,"{'type': 'Point', 'coordinates': [32.7774, -96.7977]}","{'type': 'Point', 'coordinates': [-96.7977, 32.7774]}","Just waiting on you @nike @ Dallas, Texas https://t.co/d0JXzWmIq3",Mon Nov 08 00:08:18 +0000 2021
1457899851748888600,173334437,ÎåÄÌïúÎØºÍµ≠,True,"{'type': 'Point', 'coordinates': [34.0564, -118.2445]}","{'type': 'Point', 'coordinates': [-118.2445, 34.0564]}","@nike i can honestly say it‚Äôs been love since the 90‚Äôs‚Ä¶ let‚Äôs  set something up! üì∏üßû‚Äç‚ôÇÔ∏è‚úÖ

ps: #Up2You @ Los Angeles, California https://t.co/CdwU34AQiN",Tue Nov 09 02:36:25 +0000 2021
1458037433581260800,281819341,"Indianapolis, IN",True,"{'type': 'Point', 'coordinates': [39.7692, -86.1582]}","{'type': 'Point', 'coordinates': [-86.1582, 39.7692]}","@nike said ‚ÄúJust Do It‚Äù Well it‚Äôs time to‚Ä¶ @ Indianapolis, Indiana https://t.co/KPjjdYQMRb",Tue Nov 09 11:43:07 +0000 2021
1458113816110174200,26658404,"New York, New York",True,"{'type': 'Point', 'coordinates': [40.71270142, -74.00589108]}","{'type': 'Point', 'coordinates': [-74.00589108, 40.71270142]}","AFTER: MILES Event powered by @adidas 
w/ the plugs plug @keenra91 &amp; host of @bodegatalks @blakzini üëåüèΩü•Ç @ New York City, N.Y. https://t.co/vXu1Dc6EZp",Tue Nov 09 16:46:38 +0000 2021
1458438930811007000,1043911579211886600,"Pembroke Pines, FL",True,"{'type': 'Point', 'coordinates': [26.17071, -80.09839]}","{'type': 'Point', 'coordinates': [-80.09839, 26.17071]}",Gibbons Basketball - Beach Photoshoot  @gibbonsbasketball   @cghsfl   @adidas  @adidasbasketball   @godoxlighting  #nikon   #nikonphotography   #nikond5   #nikkor @ Lauderdale by the Sea Beach https://t.co/RWf8gx2Tfl,Wed Nov 10 14:18:32 +0000 2021
1458471571459383300,2395211666,USA  #allstarzathletix,True,"{'type': 'Point', 'coordinates': [35.6464778, -78.4516572]}","{'type': 'Point', 'coordinates': [-78.4516572, 35.6464778]}","#thankyou 2021 #seeyou 2022
@diamondleagueathletics @weltklassezurich @worldathletics
 @adidas @wchoregon22 
@allstarzmgmt @wabelgrade22
@its_shotputdodd_oly @ AllStarz Athletix Mgmt. LLC https://t.co/4IpVQaFA6g",Wed Nov 10 16:28:14 +0000 2021
1458824038856499200,90747620,"Twinsburg, OH",True,"{'type': 'Point', 'coordinates': [41.34752967, -81.42877579]}","{'type': 'Point', 'coordinates': [-81.42877579, 41.34752967]}",I am DIGGING all the details on the @xbox 360 x @adidas collab @ Obvious Coffee Roasters https://t.co/E5ywwGB6Sz,Thu Nov 11 15:48:49 +0000 2021
1458862268716765200,24984458,Torrance/LosAngeles/SouthBay,True,"{'type': 'Point', 'coordinates': [34.0564, -118.2445]}","{'type': 'Point', 'coordinates': [-118.2445, 34.0564]}","Woke early and got that W on #snkrs @nike @jumpman23 #singlesday  #Sneakerhead #LosAngeles @ Los Angeles, California https://t.co/dla6YvYG1E",Thu Nov 11 18:20:43 +0000 2021
1458886444399964200,225868216,"Bronx, NY",True,"{'type': 'Point', 'coordinates': [28.37402527, -81.54973269]}","{'type': 'Point', 'coordinates': [-81.54973269, 28.37402527]}",Made a quick trip to Italy üáÆüáπ lol jk #Epcot #thickthighsprettyeyes and took a #bathroomselfie shoes by @nike #airmax270 clothes by @target #targetstyle @ Epcot https://t.co/k0wj99GJoh,Thu Nov 11 19:56:47 +0000 2021
1458980562362781700,1357418385865343000,"Eastside of Charlotte, NC",True,"{'type': 'Point', 'coordinates': [33.88826624, -84.4678642]}","{'type': 'Point', 'coordinates': [-84.4678642, 33.88826624]}","Whole lotta gang shit
@adidasoriginals @adidas 

#coincidence #adidas @ The Bus https://t.co/qiaez6d7QU",Fri Nov 12 02:10:47 +0000 2021
1459147496601628700,3395356399,"Mead, WA",True,"{'type': 'Point', 'coordinates': [47.78598623, -117.35405582]}","{'type': 'Point', 'coordinates': [-117.35405582, 47.78598623]}",They finally came in. @packers @packersproshop @nike @nikepegasus üî•üî• run fast jump high. #greengoldfriday #gopackgo #pnw @ Snap 24/7 Fitness https://t.co/75sFVsAEu3,Fri Nov 12 13:14:07 +0000 2021
1459257907355078700,805271258,"Twin Falls, Idaho",True,"{'type': 'Point', 'coordinates': [42.53170776, -114.37335992]}","{'type': 'Point', 'coordinates': [-114.37335992, 42.53170776]}",Yo @nike. If you make these I will buy like 10 pairs. https://t.co/apFefUaIVU,Fri Nov 12 20:32:51 +0000 2021
1459298589197410300,22119091,WorldWide.,True,"{'type': 'Point', 'coordinates': [42.9047, -78.8494]}","{'type': 'Point', 'coordinates': [-78.8494, 42.9047]}","Happy birthday to my guy!! My son turned 12 today!! Damn you getting up there champ!! Keep inspiring me and keeping me motivated!! I love you kid!! Nice drip üíß @off____white @nike @jumpman23 @ Buffalo, New York https://t.co/DdPpcLqQWS",Fri Nov 12 23:14:30 +0000 2021
1459309619994673200,1043911579211886600,"Pembroke Pines, FL",True,"{'type': 'Point', 'coordinates': [26.08001905, -80.24348617]}","{'type': 'Point', 'coordinates': [-80.24348617, 26.08001905]}",NSU Sharks Women Bball  @nsusharks     @nike   @nikebasketball   #nikon   #nikonphotography   #nikond6   #nikkor @ Nova Southeastern University https://t.co/WYEsDFdIgQ,Fri Nov 12 23:58:20 +0000 2021
1459508071240192000,117518230,"New York, NY USA",True,"{'type': 'Point', 'coordinates': [40.79795556, -73.94004722]}","{'type': 'Point', 'coordinates': [-73.94004722, 40.79795556]}",Run proudly @nycmarathon @newyork @newyork_instagram @nike @nikerunning @nikerunshoes @adidas @mexicosorprendente @mexico #sergiarellano #newyork #nycmarathon2021 #mexico #mexican @ East Harlem https://t.co/vtzl6HidDR,Sat Nov 13 13:06:55 +0000 2021
1459500684030750700,117518230,"New York, NY USA",True,"{'type': 'Point', 'coordinates': [40.79795556, -73.94004722]}","{'type': 'Point', 'coordinates': [-73.94004722, 40.79795556]}",Run with a purpose @nycmarathon @newyork @newyork_instagram @nike @nikerunning @nikerunshoes @adidas #sergiarellano #newyork #marathon #mexican #mexicanos #mexico @mexicosorprendente @mexico @ East Harlem https://t.co/D9XwDKbdJv,Sat Nov 13 12:37:33 +0000 2021
1459499783899566000,117518230,"New York, NY USA",True,"{'type': 'Point', 'coordinates': [40.79795556, -73.94004722]}","{'type': 'Point', 'coordinates': [-73.94004722, 40.79795556]}",Find your impossible @nycmarathon @newyork @newyork_instagram @nike @nikerunning @nikerunshoes @adidas #sergiarellano #newyork #nycmarathon2021 @ East Harlem https://t.co/EO5aqrpxlG,Sat Nov 13 12:33:59 +0000 2021
1459549577674215400,317864660,Connecticut,True,"{'type': 'Point', 'coordinates': [33.75157986, -84.39823074]}","{'type': 'Point', 'coordinates': [-84.39823074, 33.75157986]}","Her soul the prettiest 

Dress @fashionnova 
Bag @glamaholiclifestyle 
Sneakers @nike (don't remember what kind of Air Max) @ Atlanta Selfie Museum https://t.co/zJ6pti7ePd",Sat Nov 13 15:51:51 +0000 2021
1459628938779635700,24984458,Torrance/LosAngeles/SouthBay,True,"{'type': 'Point', 'coordinates': [34.0564, -118.2445]}","{'type': 'Point', 'coordinates': [-118.2445, 34.0564]}","Won again, actually came up in these twice today already sold one. Good week for raffles got 2 out of 4 pairs this week. #AirJordan12 @jumpman23 @nike #LosAngeles üñ§üíØ @ Los Angeles, California https://t.co/6qMRSaqREq",Sat Nov 13 21:07:12 +0000 2021
1459666334090870800,19638945,Where ever the sky covers.,True,"{'type': 'Point', 'coordinates': [25.7751, -80.1936]}","{'type': 'Point', 'coordinates': [-80.1936, 25.7751]}","Problems. @nike Thoughts? üëçüèæüëçüèæ @ Miami, Florida https://t.co/yG8DaIUy0I",Sat Nov 13 23:35:47 +0000 2021
1459715528042365000,631176278,3185 W. Siebenthaler Ave,True,"{'type': 'Point', 'coordinates': [39.79927963, -84.23922525]}","{'type': 'Point', 'coordinates': [-84.23922525, 39.79927963]}",Women‚Äôs ‚ÄúLucky charms‚Äù @nike blazers Available now in store! @citygearnwest108 @citygear @citygeardistrict16in #nike #nikeblazer #citygearkicks #citygearstyle #citygearheat #citygearstyle #citygearfresh @ City Gear https://t.co/UpxyS26829,Sun Nov 14 02:51:16 +0000 2021
1459713153294606300,19638945,Where ever the sky covers.,True,"{'type': 'Point', 'coordinates': [25.7751, -80.1936]}","{'type': 'Point', 'coordinates': [-80.1936, 25.7751]}","Dope. @nike Dunks made a hard comeback. Thoughts? üëçüèæüëçüèæ @ Miami, Florida https://t.co/U88cuMjwRH",Sun Nov 14 02:41:50 +0000 2021
1459715479409418200,19638945,Where ever the sky covers.,True,"{'type': 'Point', 'coordinates': [25.7751, -80.1936]}","{'type': 'Point', 'coordinates': [-80.1936, 25.7751]}","Thoughts? ü§î @nike @ Miami, Florida https://t.co/wST5XfhhIc",Sun Nov 14 02:51:05 +0000 2021
1459907995991781400,24836531,"Colorado Springs, CO",True,"{'type': 'Point', 'coordinates': [38.90823, -104.9821]}","{'type': 'Point', 'coordinates': [-104.9821, 38.90823]}",#runmizelrun #sundayfunday ‚ù§Ô∏èüèîüèåüèª‚Äç‚ôÇÔ∏èü¶ö‚ô•Ô∏è @nike @adidas @mizunogolfnorthamerica @ Pikes Peak - America's Mountain https://t.co/zDWVF6GWE6,Sun Nov 14 15:36:04 +0000 2021
1459994893540073500,1043911579211886600,"Pembroke Pines, FL",True,"{'type': 'Point', 'coordinates': [26.07791857, -80.24387347]}","{'type': 'Point', 'coordinates': [-80.24387347, 26.07791857]}",NSU Bball vs FNU  @nsusharks  @nsu_mbasketball   @nike   @nikebasketball   #nikon   #nikonphotography   #nikond6  #nikkor @ NSU Arena https://t.co/hm2TDjLv6o,Sun Nov 14 21:21:22 +0000 2021
1460295855580213200,294315882,"Tampa, FL",True,"{'type': 'Point', 'coordinates': [27.9473, -82.4558]}","{'type': 'Point', 'coordinates': [-82.4558, 27.9473]}","these @adidas slid into my feed‚Ä¶and now here they are üòç @ Tampa, Florida https://t.co/36IvqeAniK",Mon Nov 15 17:17:17 +0000 2021
1460340580630728700,49517618,"Augusta, GA",True,"{'type': 'Point', 'coordinates': [33.4479, -82.0067]}","{'type': 'Point', 'coordinates': [-82.0067, 33.4479]}","New @nike kicks from Concord Mills in #charlotte . Nice to be able to get shoes off the rack and not have to wait on delivery. @ Augusta, Georgia https://t.co/iFvFx8uWGs",Mon Nov 15 20:15:00 +0000 2021
1460406433351098400,240356847,Miami,True,"{'type': 'Point', 'coordinates': [25.73199504, -80.33084501]}","{'type': 'Point', 'coordinates': [-80.33084501, 25.73199504]}","WHOOOOOOP!
Working on some positional work before hitting the platform with his fresh J‚Äôs.
@miaclassic 
#teamSOUL
#thesweatlife
@teamsoul 
@lululemon 
üì∏: @etherealpictures_ @ CrossFit Soul https://t.co/T8mmLyA6or",Tue Nov 16 00:36:41 +0000 2021
1460423814492430300,631176278,3185 W. Siebenthaler Ave,True,"{'type': 'Point', 'coordinates': [39.79927963, -84.23922525]}","{'type': 'Point', 'coordinates': [-84.23922525, 39.79927963]}",New @nike apparel just in stop by before it‚Äôs gone!! @citygearnwest108 @citygeardistrict16in @citygear #citygear #citygearkicks #citygearstyle #citygearheat #nike #fallapparel #citygearnwest108 @ City Gear https://t.co/T6mVGCFNei,Tue Nov 16 01:45:45 +0000 2021
1460602243762294800,240356847,Miami,True,"{'type': 'Point', 'coordinates': [25.73199504, -80.33084501]}","{'type': 'Point', 'coordinates': [-80.33084501, 25.73199504]}","Morning crew.
No matter your goal, let‚Äôs get it done.
#teamSOUL
#coachlikeachampion
#thesweatlife
@crossfitsoul 
@lululemon @ CrossFit Soul https://t.co/PRNj2wBzWh",Tue Nov 16 13:34:46 +0000 2021
1460611881316536300,244587740,"Miami, FL",True,"{'type': 'Point', 'coordinates': [25.73199504, -80.33084501]}","{'type': 'Point', 'coordinates': [-80.33084501, 25.73199504]}","The AM GRIND.

Repost ‚ñ≥ @aaleman305
Morning crew.
No matter your goal, let‚Äôs get it done.
#teamSOUL
#coachlikeachampion
#thesweatlife
@crossfitsoul 
@lululemon
#teamSOUL #RunWithUs ‚ñ≥ @ CrossFit Soul https://t.co/r80L0qIpdl",Tue Nov 16 14:13:04 +0000 2021
1460798496362188800,19638945,Where ever the sky covers.,True,"{'type': 'Point', 'coordinates': [25.7751, -80.1936]}","{'type': 'Point', 'coordinates': [-80.1936, 25.7751]}","These are dope ‚ô•Ô∏è @nike Thoughts? üëçüèæüëçüèæ #kixionaryworld @ Miami, Florida https://t.co/BW004bcN5K",Wed Nov 17 02:34:36 +0000 2021
1461513082660917200,364340455,"Brooklyn, NY",True,"{'type': 'Point', 'coordinates': [41.767085, -72.675597]}","{'type': 'Point', 'coordinates': [-72.675597, 41.767085]}","üî• #royalty #snkerskickcheck @nike @ Hartford, Connecticut https://t.co/93ePYDAe1P",Fri Nov 19 01:54:07 +0000 2021
1461789695076012000,1043911579211886600,"Pembroke Pines, FL",True,"{'type': 'Point', 'coordinates': [26.18437, -80.10892]}","{'type': 'Point', 'coordinates': [-80.10892, 26.18437]}",Gibbons Game Day - Playoffs The Road to State  @cardinalgibbonsfootball   @cghsfl  @adidas   @adidasfootball   #nikon   #nikonphotography   #nikond6   #nikkor @ Cardinal Gibbons High School FTL https://t.co/OTuwAIqFNT,Fri Nov 19 20:13:16 +0000 2021
1462134794549084200,1043911579211886600,"Pembroke Pines, FL",True,"{'type': 'Point', 'coordinates': [26.18437, -80.10892]}","{'type': 'Point', 'coordinates': [-80.10892, 26.18437]}",Cardinal Gibbons Defeating Pine Crest - Road to State Championship  @cardinalgibbonsfootball   @cghsfl   @adidas   @adidasfootball  #nikon   #nikonphotography   #nikond6   #nikon400mmf28 https://t.co/re1NHV61w8,Sat Nov 20 19:04:34 +0000 2021
1462174813800312800,147049503,somewhere with my pup in GA,True,"{'type': 'Point', 'coordinates': [34.09076, -84.27633]}","{'type': 'Point', 'coordinates': [-84.27633, 34.09076]}","@lululemon, @gymshark, @nike ‚Äî my bestie and I will take any sponsorship plsü•∞ 

reunited and it‚Äôs never felt so good!!! @ Shred415 https://t.co/w7y1kOlEuU",Sat Nov 20 21:43:36 +0000 2021
1462210530073055200,24984458,Torrance/LosAngeles/SouthBay,True,"{'type': 'Point', 'coordinates': [34.0564, -118.2445]}","{'type': 'Point', 'coordinates': [-118.2445, 34.0564]}","THESE FINALLY ARRIVED TODAY!!
@JUMPMAN23  @NIKE #SNKRSWIN
#AIRJORDAN13 #SINGLESDAY
#LOSANGELES
üñ§üíØ @ Los Angeles, California https://t.co/40RkzTFi2Y",Sun Nov 21 00:05:31 +0000 2021
1462547503266549800,14846687,"Brooklyn, NY",True,"{'type': 'Point', 'coordinates': [40.67347, -73.95711]}","{'type': 'Point', 'coordinates': [-73.95711, 40.67347]}",Got to get out for a bit.  A little retail therapy at @lululemon with @xristina76. Then to my favorite restaurant @chavelasnyc .  #food #shopping #friends @ Chavela's - La Cocina Mexicana https://t.co/LY8BiK5zmB,Sun Nov 21 22:24:32 +0000 2021
1462639916064678000,1043911579211886600,"Pembroke Pines, FL",True,"{'type': 'Point', 'coordinates': [26.03076736, -80.37468361]}","{'type': 'Point', 'coordinates': [-80.37468361, 26.03076736]}",State Champions‚Ä¶Say no More! @pines_charter_jaguarbasketball   @nike   @nikebasketball   #nikon   #nikonphotography   #nikond5   #nikkor @ City/Pembroke Pines Charter High School https://t.co/MVQpYrpsxN,Mon Nov 22 04:31:45 +0000 2021
1462637514150322200,1043911579211886600,"Pembroke Pines, FL",True,"{'type': 'Point', 'coordinates': [26.03076736, -80.37468361]}","{'type': 'Point', 'coordinates': [-80.37468361, 26.03076736]}",Th King Rests! @pines_charter_jaguarbasketball   @nike   @nikebasketball   #nikon   #nikonphotography   #nikond5   #nikkor @ City/Pembroke Pines Charter High School https://t.co/hBUIvcifbr,Mon Nov 22 04:22:12 +0000 2021
1462950735138672600,1043911579211886600,"Pembroke Pines, FL",True,"{'type': 'Point', 'coordinates': [26.01514103, -80.19657496]}","{'type': 'Point', 'coordinates': [-80.19657496, 26.01514103]}",Chaminade Madonna Basketball @cm_lionsbasketball   @adidas   @adidasbasketball   #nikon   #nikonphotography   #nikond6   #nikon300mm28 @ Chaminade-Madonna College Preparatory https://t.co/9tG314pGMm,Tue Nov 23 01:06:50 +0000 2021
1463026226407395300,703819517785301000,"St Paul, MN",True,"{'type': 'Point', 'coordinates': [44.9497, -93.0931]}","{'type': 'Point', 'coordinates': [-93.0931, 44.9497]}","@nike #everydayallday @thepillboxtavern @ Saint Paul, Minnesota https://t.co/xTRJY2Jxil",Tue Nov 23 06:06:48 +0000 2021
1463206644444139500,768373176,"Concord, CA",True,"{'type': 'Point', 'coordinates': [34.0564, -118.2445]}","{'type': 'Point', 'coordinates': [-118.2445, 34.0564]}","Gotta say‚Ä¶ @nike yea ll did y‚Äôall thang on these‚Ä¶üî•üî•üî• @ Los Angeles, California https://t.co/nzzJKdEoy4",Tue Nov 23 18:03:43 +0000 2021
1463243829511962600,22336858,"Portland, Oregon",True,"{'type': 'Point', 'coordinates': [45.4957841, -122.8192237]}","{'type': 'Point', 'coordinates': [-122.8192237, 45.4957841]}","I'm at @Nike Employee Store in Beaverton, OR https://t.co/d4tgz0GOgG https://t.co/9DPyEUSqMt",Tue Nov 23 20:31:29 +0000 2021
1463306029547114500,1207575092408008700,"Orlando, FL",True,"{'type': 'Point', 'coordinates': [28.4465801, -81.3953974]}","{'type': 'Point', 'coordinates': [-81.3953974, 28.4465801]}",My girl @xxlionoffire18xx got me these @nike Burrow Na from @footlocker they're so comfortable it feels like I'm walking on a cloud üòÑüòÅüòÑ @ The Florida Mall https://t.co/ZrwsC63fwk,Wed Nov 24 00:38:39 +0000 2021
1463502950429511700,29125406,NYC,True,"{'type': 'Point', 'coordinates': [40.71270142, -74.00589108]}","{'type': 'Point', 'coordinates': [-74.00589108, 40.71270142]}","My pair came in! Thanks @nike #snkrs #snkrsapp #coolgrey #aj11s #jumpman #jokes @ New York City, N.Y. https://t.co/XASRKBQCcP",Wed Nov 24 13:41:08 +0000 2021
1463541101613273000,18750177,Toronto/New York City,True,"{'type': 'Point', 'coordinates': [40.71270142, -74.00589108]}","{'type': 'Point', 'coordinates': [-74.00589108, 40.71270142]}","@alexis.eke illustration for @nike ft athletes @napheesa24 and @sylvia_fowles //
.
#alexiseke 
#nike 
#sylviafowles 
#napheesacollier 
#thecanvasagency @ New York City, N.Y. https://t.co/em8B9FhvTx",Wed Nov 24 16:12:44 +0000 2021
1463726356294877200,40960244,"Long Beach, CA",True,"{'type': 'Point', 'coordinates': [33.74678101, -118.11489303]}","{'type': 'Point', 'coordinates': [-118.11489303, 33.74678101]}",So thankful to have such a cool running club to hang with. @arunningexperienceclub great runners and great peopleüëç. @lululemon @hoka @spring_energy @ Malainey's Grill and One Hell of an Irish Bar https://t.co/CzzEbGNMMT,Thu Nov 25 04:28:52 +0000 2021
1463927354531762200,237102183,"Los Angeles, USA",True,"{'type': 'Point', 'coordinates': [34.0564, -118.2445]}","{'type': 'Point', 'coordinates': [-118.2445, 34.0564]}","@NIKE @SNKRS presents #ICONSofLOSANGELES  feat. @porcelainsneakerhead aka @madeinlondonj #Porcelain #Art #Talent #Creativity #Passion @ Los Angeles, California https://t.co/rU3U2RkIVW",Thu Nov 25 17:47:34 +0000 2021
1464319311309332500,615343193,"Atlanta, GA",True,"{'type': 'Point', 'coordinates': [33.8237, -84.0699]}","{'type': 'Point', 'coordinates': [-84.0699, 33.8237]}",Live On Your Radio @streetz945atl From Shiloh HS For Holiday Hoops Giving Basketball Presented By @slam @adidas @holiday_hoopsgiving @ Shiloh High School https://t.co/appqFZNRVO,Fri Nov 26 19:45:04 +0000 2021
1464477747921580000,32739519,"Philadelphia, PA",True,"{'type': 'Point', 'coordinates': [40.02732988, -75.15626822]}","{'type': 'Point', 'coordinates': [-75.15626822, 40.02732988]}",Pick your style with the right attitude‚Ä¶#sneakerhead #sneakers #jordans #jordan1 #snkrskickcheck @nike @nikesb #kicks #moto #bikelife #phillybikelife #motorbike #youngboss #sneakeraddict @ Nicetown North Philly https://t.co/GynAhFzIjp,Sat Nov 27 06:14:38 +0000 2021
1464675400315981800,40960244,"Long Beach, CA",True,"{'type': 'Point', 'coordinates': [33.5743, -117.7757]}","{'type': 'Point', 'coordinates': [-117.7757, 33.5743]}",Fun morning of trails with the awesome Wreck crew!  @arunningexperienceclub @spring_energy @lululemon @hoka @ Laguna Coast Wilderness Park https://t.co/UzQfQ1o8Fj,Sat Nov 27 19:20:02 +0000 2021
1464801818391810000,3479722349,"Hope Mills, NC",True,"{'type': 'Point', 'coordinates': [34.90459293, -78.85473483]}","{'type': 'Point', 'coordinates': [-78.85473483, 34.90459293]}",These @nike AJ XI cool grey looküî•üî•üî•#iWantThem get the app and get notified! #christmasgifts @official.a.c.f @julianflorezcamel @julian_florez6999 now you know what to get me! 11.5 W please! Lmfao https://t.co/npnaVsCIqq,Sun Nov 28 03:42:22 +0000 2021
1465462920008056800,1153192386,"Mayag√ºez, Puerto Rico",True,"{'type': 'Point', 'coordinates': [40, -100]}","{'type': 'Point', 'coordinates': [-100, 40]}","Thank you to everyone at @adidas for the continued support. 

Taking things back to 2001!

GOD BLESS

SMILE @ United States https://t.co/kxjngZ3VUM",Mon Nov 29 23:29:21 +0000 2021
1465491506781905000,1043911579211886600,"Pembroke Pines, FL",True,"{'type': 'Point', 'coordinates': [26.03076736, -80.37468361]}","{'type': 'Point', 'coordinates': [-80.37468361, 26.03076736]}",Pines Charter on the Move over Monarch  @pines_charter_jaguarbasketball   #nikon   #nikonphotography   #nikond6   #nikkor   @nike   @nikebasketball @ City/Pembroke Pines Charter High School https://t.co/Jg6qnMlAOn,Tue Nov 30 01:22:57 +0000 2021
1465687420561768400,28596875,Atlanta,True,"{'type': 'Point', 'coordinates': [33.7457567, -84.4038837]}","{'type': 'Point', 'coordinates': [-84.4038837, 33.7457567]}","Who I need to talk to for the @nike @jumpman23 endorsement/ambassadorship? ‚Ä¢ üì∑:@evanranft
#PetieParker
#Muralist 
üòÆ‚Äçüí®cough üòÆ‚Äçüí®cough @k.lunan2 üëÄ lol @ Peters Street Station https://t.co/mPUZ9kVwny",Tue Nov 30 14:21:26 +0000 2021
1465689928138899500,1092897416116867100,"Brooklyn, NY",True,"{'type': 'Point', 'coordinates': [25.79940159, -80.19436109]}","{'type': 'Point', 'coordinates': [-80.19436109, 25.79940159]}",#80sprom @oasiswynwood @ouruniversalforce @oasiswynwood @sohodutch @ill_brieski @kangol @adidas @ Oasis Wynwood https://t.co/jR65JQYhTR,Tue Nov 30 14:31:24 +0000 2021
1466242649921314800,1043911579211886600,"Pembroke Pines, FL",True,"{'type': 'Point', 'coordinates': [26.20453, -80.17578]}","{'type': 'Point', 'coordinates': [-80.17578, 26.20453]}",Gibbons Football on Track - State Championship Fight - Go Chiefs!!!! @cardinalgibbonsfootball   @cghsfl   @adidas   @adidasfootball  #nikon   #nikonphotography   #nikond6   #nikkor @ CCA Calvary Christian Academy https://t.co/UmUX9Zotch,Thu Dec 02 03:07:43 +0000 2021
1466462730660028400,87762811,"Stamford, CT",True,"{'type': 'Point', 'coordinates': [41.15, -73.775]}","{'type': 'Point', 'coordinates': [-73.775, 41.15]}","#manbun #glasses #beard #dominican #american ##dominicanrepublic #usa #hm #zara #yezzy700 #adidas #apple #iphone #bathroom #selfie #gq #plussize #bigboy 
@hm_man @zaraman @yeezymafia @adidas https://t.co/NyWyEScrHa",Thu Dec 02 17:42:15 +0000 2021
1466468021095080000,22059707,"Houston, TX",True,"{'type': 'Point', 'coordinates': [29.71693126, -95.4152697]}","{'type': 'Point', 'coordinates': [-95.4152697, 29.71693126]}","Available In Store &amp; Online https://t.co/x1jcOitpeg
@nike Sock Collection
*Curbside pick up available* @ premiumgoods. https://t.co/80wsh7lQ8S",Thu Dec 02 18:03:16 +0000 2021
1466544489053540400,481819553,"Los Angeles, New York",True,"{'type': 'Point', 'coordinates': [34.0564, -118.2445]}","{'type': 'Point', 'coordinates': [-118.2445, 34.0564]}","Whose world is it? Whose world is it? It‚Äôs mine, it‚Äôs mine, it‚Äôs mine.‚ÄîIllmatic, Nas. rattlers orange by @istolemyboyfriendsshirt sweats by @redone Air Jordan 4‚Äôs @nike #liveanddieinla @ Los Angeles, California https://t.co/ObPBWFvSrq",Thu Dec 02 23:07:07 +0000 2021
1466556963743932400,32739519,"Philadelphia, PA",True,"{'type': 'Point', 'coordinates': [40.02732988, -75.15626822]}","{'type': 'Point', 'coordinates': [-75.15626822, 40.02732988]}",Fully on black from my personal rack #snkrskickcheck #sneakerheads #sneakers #kicks #moto #bikelife @nike @nikesb #youngboss #biker #phillystyle #latino @ Nicetown North Philly https://t.co/B6OHdt2FLo,Thu Dec 02 23:56:42 +0000 2021
1466818761156178000,1043911579211886600,"Pembroke Pines, FL",True,"{'type': 'Point', 'coordinates': [26.03076736, -80.37468361]}","{'type': 'Point', 'coordinates': [-80.37468361, 26.03076736]}",Pines Charter Bball on the Move for another State Championship üí´  @pines_charter_jaguarbasketball   @nike   @nikebasketball  #nikon   #nikonphotography   #nikond6   #nikkor @ City/Pembroke Pines Charter High School https://t.co/mdYbEnbxjs,Fri Dec 03 17:16:59 +0000 2021
1466828509716922400,216616485,"Brooklyn, NY.  Home of Hov!",True,"{'type': 'Point', 'coordinates': [40.660925, -73.877569]}","{'type': 'Point', 'coordinates': [-73.877569, 40.660925]}","BROOKLYN, NY - wow!  @nike 1 year in my neighborhood - EAST NEW YORK. #justdoit #nike #gateway #gatewaymall #brooklyn #eastnewyork @ East New York https://t.co/w8vEs95RjJ",Fri Dec 03 17:55:43 +0000 2021
1466944347643986000,29935413,San Francisco,True,"{'type': 'Point', 'coordinates': [45.58828941, -122.59481775]}","{'type': 'Point', 'coordinates': [-122.59481775, 45.58828941]}",home for the #weekend‚úàÔ∏è #sanfrancisco #bayarea #mood #vibes #tgif #itravelforwork #airmax #onassignment #locumlife #portland @louisvuitton @nike @wearfigs @ Portland International Airport https://t.co/r39yMpPZYJ,Sat Dec 04 01:36:01 +0000 2021
1467193347844587500,3258049136,DMV,True,"{'type': 'Point', 'coordinates': [38.8951, -77.0367]}","{'type': 'Point', 'coordinates': [-77.0367, 38.8951]}","ùóôùóºùóøùó≤ùòÉùó≤ùóø ùóºùóª ùòÄùóºùó∫ùó≤ ùó≥ùóπùòÜ ùòÄùóµ*ùòÅ!

Top: @forever21 
Pants &amp; hat: @cottonon 
Shoe: @nike 
Mask: @amazon 
Bag: Philly boutique 

#simplefits
#prettyphresh #phreshkicks #capturedfits
#peerlessmagazine #graphictees @ DMV https://t.co/Idn5eY2EQc",Sat Dec 04 18:05:27 +0000 2021
1467251489685098500,3820733896,"Queens, NY",True,"{'type': 'Point', 'coordinates': [40.7, -73.8309]}","{'type': 'Point', 'coordinates': [-73.8309, 40.7]}","Keep forgetting this is a new page so here‚Äôs some old flicks @fearofgod @nike 
.
.
#FearOfGod #FOG @ Queens, New York https://t.co/SyZu67c6AC",Sat Dec 04 21:56:30 +0000 2021
1467369880789917700,2593842510,"Los Angeles, CA",True,"{'type': 'Point', 'coordinates': [34.0175, -118.38611111]}","{'type': 'Point', 'coordinates': [-118.38611111, 34.0175]}","H A P P I N E S Süó£üîíü§ûüèæ
______________
MY BOYSü§üüèæüí™üèæ
Shootsüì≤: @simpleethai 

#nike #nikelosangeles  #simpsons #bart #bartsimpson #jordan1 #fashionnova #fashionnovamen #nikekids 
@nike @nikelosangeles @fashionnova @novamen https://t.co/jUB3b0kgti",Sun Dec 05 05:46:56 +0000 2021
1467564351569735700,19002726,"San Bernardino, CA.",True,"{'type': 'Point', 'coordinates': [33.986491, -117.379718]}","{'type': 'Point', 'coordinates': [-117.379718, 33.986491]}",DT riverside with @ihateyougeorgie last night. üí•üí•üí• #richdad #riverside #snkrskickcheck @nike @ Downtown Riverside https://t.co/qu2GKlgAKf,Sun Dec 05 18:39:42 +0000 2021
1467650425260286000,1043911579211886600,"Pembroke Pines, FL",True,"{'type': 'Point', 'coordinates': [26.18437, -80.10892]}","{'type': 'Point', 'coordinates': [-80.10892, 26.18437]}",Gibbons Football - I can see State Championship Real from my position @cardinalgibbonsfootball   @cghsfl  @adidas   @adidasfootball   #nikon   #nikonphotography   #nikond6   #nikkor @ Cardinal Gibbons High School FTL https://t.co/RuBqPqdCM8,Mon Dec 06 00:21:43 +0000 2021
1467697040469680000,1043911579211886600,"Pembroke Pines, FL",True,"{'type': 'Point', 'coordinates': [26.18437, -80.10892]}","{'type': 'Point', 'coordinates': [-80.10892, 26.18437]}",Up and Ready for FL State Finals 2021  @cardinalgibbonsfootball   @cghsfl   @adidas   @adidasfootball   #nikon   #nikonphotography   #nikond6   #nikkor @ Cardinal Gibbons High School FTL https://t.co/aPjVOwYXt6,Mon Dec 06 03:26:57 +0000 2021
1468127315515302000,14460890,"San Francisco, CA",True,"{'type': 'Point', 'coordinates': [37.7793, -122.419]}","{'type': 'Point', 'coordinates': [-122.419, 37.7793]}","Second round. Which color blocking is your favorite?
A is the winner from the first round..
Please support me to find a great color blocking.

#sneakerhead #nikeid #nikebyyou @nike #af1 #airforce1 https://t.co/hnimbtjy5E",Tue Dec 07 07:56:43 +0000 2021
1468097616516952000,2910128730,"Los Angeles, CA",True,"{'type': 'Point', 'coordinates': [33.61695, -117.93033]}","{'type': 'Point', 'coordinates': [-117.93033, 33.61695]}","@nike Dunks x @unionlosangeles 

‚Äú Panda ‚Äú Lot 12/50 ‚Äú Michigan State ‚Äú 

New Exclusive Visuals! 
PreOrder via #heemhotline‚òéÔ∏èüëüüëü @ Newport Beach, California https://t.co/GX3HoSFAwl",Tue Dec 07 05:58:42 +0000 2021
1468342916032700400,62439419,"Chicago, IL",True,"{'type': 'Point', 'coordinates': [41.883222, -87.632496]}","{'type': 'Point', 'coordinates': [-87.632496, 41.883222]}","OOTD from 11/26.  I was super stoked to fit into my size 12 jeans! Who am I?! ü§≠ Top from @curtsy, jeans from @jessicasimpsonstyle, Harley Quinn belt and necklace from @hottopic and shoes from @nike @ Chicago, Illinois https://t.co/91cL0hVWZy",Tue Dec 07 22:13:26 +0000 2021
1468411768573726700,1043911579211886600,"Pembroke Pines, FL",True,"{'type': 'Point', 'coordinates': [25.71738159, -80.27867675]}","{'type': 'Point', 'coordinates': [-80.27867675, 25.71738159]}",Canes Football Coach Mario Cristobal Press Conference  @miami_huricane_   @footballhotbed   #nikon   #nikonphotography   #nikonz7ii   #nikkor   @adidas   @adidasfootball @ University of Miami https://t.co/E7EG41DNQC,Wed Dec 08 02:47:02 +0000 2021
1468413280179957800,1043911579211886600,"Pembroke Pines, FL",True,"{'type': 'Point', 'coordinates': [25.71738159, -80.27867675]}","{'type': 'Point', 'coordinates': [-80.27867675, 25.71738159]}",Canes Football - Coach Mario Cristobal Press Conference  @miami_huricane_   @footballhotbed   @adidas   @adidasfootball  #nikon   #nikknphotography  #nikonz7ii   #nikkor @ University of Miami https://t.co/9iBWSKd1Xt,Wed Dec 08 02:53:02 +0000 2021
1468478828230189000,14460890,"San Francisco, CA",True,"{'type': 'Point', 'coordinates': [37.7793, -122.419]}","{'type': 'Point', 'coordinates': [-122.419, 37.7793]}","The final round of this first Air Force 1 Design Challenge
Choose your favorite, please.

#sneakerhead #nikebyyou #nikeid #af1 #airforce1 #nike @nike @ San Francisco, California https://t.co/Wc2fZlYGNr",Wed Dec 08 07:13:30 +0000 2021
1468598887451488300,39969360,"ATL, GA",True,"{'type': 'Point', 'coordinates': [33.84825751, -84.36288802]}","{'type': 'Point', 'coordinates': [-84.36288802, 33.84825751]}","üéØ‚ÄùEarned Not Given‚Äù
- Nike 
üì∏: @bryankeithphoto 
@niketraining @nikesportswear @nikewomen @nike 

#nike #justdoit #atl #fitness #healthiswealth #nikewomen #teamnike #womenempowerment #teamlex @ Nike ATL https://t.co/s4qKRTfM9S",Wed Dec 08 15:10:34 +0000 2021
1468608837791985700,1267337851139526700,"Las Vegas, NV",True,"{'type': 'Point', 'coordinates': [36.11925544, -115.17101475]}","{'type': 'Point', 'coordinates': [-115.17101475, 36.11925544]}",Gotta get the kicks @nike @ Harrahs Hotel Casino https://t.co/DijwfCxdHz,Wed Dec 08 15:50:07 +0000 2021
1468778908900380700,2194452169,Lost on the #solana Blockchain,True,"{'type': 'Point', 'coordinates': [44.96712762, -93.28215703]}","{'type': 'Point', 'coordinates': [-93.28215703, 44.96712762]}",Impressed with the latest set of mids and low's from @nike #nikemids #nikelow's üëå @ TwinCity Shoe Stop https://t.co/7FGKaUJf7X,Thu Dec 09 03:05:55 +0000 2021
1468949608734675000,703819517785301000,"St Paul, MN",True,"{'type': 'Point', 'coordinates': [44.92004, -92.94403]}","{'type': 'Point', 'coordinates': [-92.94403, 44.92004]}","@adidas I‚Äôve been on an expensive activewear kick, and when push comes to shove, #adidas is way more on the fashion tip than Nike. More #innovative; more #fashionforward‚Ä¶ @ Woodbury, Minnesota https://t.co/fzNbSePZSS",Thu Dec 09 14:24:13 +0000 2021
1468976598225358800,1521174284,New York,True,"{'type': 'Point', 'coordinates': [40.74792494, -73.98966245]}","{'type': 'Point', 'coordinates': [-73.98966245, 40.74792494]}","Had so much fun working with @taraanicolas  and @nike for @niketraining. This woman is a force with hella good vibes! Thanks for trusting me with your glam! 

Hair and makeup: Me üôãüèæ‚Äç‚ôÄÔ∏è @inherbeautyny @ Nike NYHQ https://t.co/pYzWjZTWIF",Thu Dec 09 16:11:27 +0000 2021
1469079593919209500,1213572153775231000,"Austin, TX",True,"{'type': 'Point', 'coordinates': [30.2677, -97.7475]}","{'type': 'Point', 'coordinates': [-97.7475, 30.2677]}","Positive Thoughts üíï. 
Swipe left for a surprise üòÖ.

_________________________________

@adidasrunning 
@adidas @ Austin, Texas https://t.co/Y5ZOJymmAA",Thu Dec 09 23:00:44 +0000 2021
1469707033503051800,707236623000457200,"Michigan, USA",True,"{'type': 'Point', 'coordinates': [42.3368, -83.0507]}","{'type': 'Point', 'coordinates': [-83.0507, 42.3368]}","‚Äú @nike By You‚Äù
Did you know that you can customize your own Nikes on the app? It‚Äôs fun, and as a sneaker head it‚Äôs also dangerous. üòÉüí∞üí∞
#productphotography @thebeatles #nikebyyou #sneakerhead #nike @ Detroit, Michigan https://t.co/O0nqGm6XLJ",Sat Dec 11 16:33:57 +0000 2021
1469755950609444900,80768766,"Las Vegas, NV",True,"{'type': 'Point', 'coordinates': [36.0560665, -115.1694278]}","{'type': 'Point', 'coordinates': [-115.1694278, 36.0560665]}","I'm at @Nike Factory Store in Las Vegas, NV https://t.co/GbC2vtG54k",Sat Dec 11 19:48:20 +0000 2021
1469754537376243700,24984458,Torrance/LosAngeles/SouthBay,True,"{'type': 'Point', 'coordinates': [34.0564, -118.2445]}","{'type': 'Point', 'coordinates': [-118.2445, 34.0564]}","Dummies Fighting at the Nike store today for the #Jordan11coolgrey  @nike @jumpman23 #Losangeles @ Los Angeles, California https://t.co/1S4drgL6Q4",Sat Dec 11 19:42:43 +0000 2021
1469751303651958800,16471461,"Mill Valley, CA",True,"{'type': 'Point', 'coordinates': [37.90611111, -122.545]}","{'type': 'Point', 'coordinates': [-122.545, 37.90611111]}","I have spent the entire morning wearing 2 different shoes!!! ü§£@nike #dork ü§¶üèª‚Äç‚ôÄÔ∏è #cantmakethisshitup @ Mill Valley, California https://t.co/PfoVfDtkc4",Sat Dec 11 19:29:52 +0000 2021
1469761575602978800,40960244,"Long Beach, CA",True,"{'type': 'Point', 'coordinates': [33.6044632, -117.80371881]}","{'type': 'Point', 'coordinates': [-117.80371881, 33.6044632]}",Awesome miles on the El Moro trails with the @arunningexperienceclub crew.  Excited for @keirahenninger ‚Äòs Paramount Trail races next weekendüëç. @lululemon @hoka @nathansportsinc @spring_energy https://t.co/FPrAafA2n3,Sat Dec 11 20:10:41 +0000 2021
1469790605450612700,1249879330722918400,"Lithonia, GA",True,"{'type': 'Point', 'coordinates': [33.7127, -84.1059]}","{'type': 'Point', 'coordinates': [-84.1059, 33.7127]}","#ClarenceClausXAdidas #BryceMelvin @adidas are y‚Äôall looking for a new baby model/brand ambassador?!üòÉ @ Lithonia, Georgia https://t.co/oh28mnifz1",Sat Dec 11 22:06:02 +0000 2021
1470203580703330300,123015839,Chicago and Beyond,True,"{'type': 'Point', 'coordinates': [41.88046793, -87.62614846]}","{'type': 'Point', 'coordinates': [-87.62614846, 41.88046793]}",#brighterdays #orange #trim @nike #puffer @madhappy #trucker #cap @rayban #sunglasses @chanel #red #boybag üì∑ @credstyle #streetstyle #streetphotography #streetwear https://t.co/V2QHfZsotY #fashion @ Chicago Downtown https://t.co/5uOePmcgvo,Mon Dec 13 01:27:03 +0000 2021
1470239929645023200,116020527,"Huntington Beach, CA",True,"{'type': 'Point', 'coordinates': [40.7779, -73.9675]}","{'type': 'Point', 'coordinates': [-73.9675, 40.7779]}","üíöüíö @nike @ Manhattan, New York https://t.co/9bOzTqsxfa",Mon Dec 13 03:51:29 +0000 2021
1470636195105312800,307884120,"Los Angeles, CA",True,"{'type': 'Point', 'coordinates': [34.09007072, -117.29219098]}","{'type': 'Point', 'coordinates': [-117.29219098, 34.09007072]}","All I Can Say is YE üî•ü™ê

(A lot of üêê Collaborations this Weekend)üß• - @kajo.png 
üëï- @realdropicana 
üëñ - @mvarchives 
üëü- @nike @ Rolling Loud https://t.co/zhXh7IMPQk",Tue Dec 14 06:06:06 +0000 2021
1470939606212358100,1130632247151910900,"Memphis, TN",True,"{'type': 'Point', 'coordinates': [33.7566, -84.3889]}","{'type': 'Point', 'coordinates': [-84.3889, 33.7566]}","Rocking my @adidas set üòùü§üüèΩ @ Atlanta, Georgia https://t.co/CEVSMYOFWJ",Wed Dec 15 02:11:45 +0000 2021
1471032270035300400,81664151,"TRIPLE D, AMERICA",True,"{'type': 'Point', 'coordinates': [32.7774, -96.7977]}","{'type': 'Point', 'coordinates': [-96.7977, 32.7774]}","#MillCityLieutenant OUT NOW!! #BenJis video comin soon.. #MillCityFlo visual out now!! @dgk @guess @aeropostale @nike @herschelsupply @psdunderwear @ Dallas, Texas https://t.co/kOBuqNnPsk",Wed Dec 15 08:19:58 +0000 2021
1471237275765907500,4342086981,"St Charles, MO",True,"{'type': 'Point', 'coordinates': [38.6272, -90.1978]}","{'type': 'Point', 'coordinates': [-90.1978, 38.6272]}","#cjemedia #nike #airmax #tiedye 
-
‚Äî
Made this a few months ago, might tie dye one of my other @nike sweats @ St. Louis, Missouri https://t.co/QmofdZHOjG",Wed Dec 15 21:54:35 +0000 2021
1471329760987000800,32739519,"Philadelphia, PA",True,"{'type': 'Point', 'coordinates': [39.9527, -75.1651]}","{'type': 'Point', 'coordinates': [-75.1651, 39.9527]}","Jordan 1 #snkrskickcheck #sneakerheads #sneakers #kicks #moto #motorcycle #bikelife #biker #latino @nike @nikesb #phillystyle #youngboss @ Philadelphia, Pennsylvania https://t.co/kSrSGKsi1B",Thu Dec 16 04:02:05 +0000 2021
1471328981890871300,1255524590,HTX,True,"{'type': 'Point', 'coordinates': [29.79732661, -95.56923337]}","{'type': 'Point', 'coordinates': [-95.56923337, 29.79732661]}",Felt good to bust out the #dinosaurs again! @aguilaramp @ehx @tcelectronic @gojirafx @mutronusa @malekkoheavyindustry @adidas @swiftwicksocks #bass #guitar #efx #anotherrun #boblanelikesthis #loud #live #music https://t.co/yO9GUgM00q,Thu Dec 16 03:58:59 +0000 2021
1471449615329214500,15630556,"Hollywood, Los Angeles",True,"{'type': 'Point', 'coordinates': [34.07217853, -118.35840406]}","{'type': 'Point', 'coordinates': [-118.35840406, 34.07217853]}","Christmas at the Grove is Magical üéÑüéÖ 
.
@thegrovela @nike 
üì∏ @eliza__anne circa 2017 @ The Grove https://t.co/QOa3ACZaJI",Thu Dec 16 11:58:21 +0000 2021
1471518601077313500,990675646853632000,"Rapid City, SD",True,"{'type': 'Point', 'coordinates': [44.08037, -103.22824]}","{'type': 'Point', 'coordinates': [-103.22824, 44.08037]}",So many awesome dope drops todays and all I took was STR8 L‚Äôs can‚Äôt complain still @nike  4 life for me #checksOVAstripes #deadexko8e24 #üíÄstockxchange #nastygraphixs #snkrs #snkrsapp #moreLsthandubbs #kicksnhiphop https://t.co/0nrhwCiAui,Thu Dec 16 16:32:28 +0000 2021
1471546408767533000,326349807,675 Ponce de Leon Ave. Atlanta,True,"{'type': 'Point', 'coordinates': [33.77237, -84.36609]}","{'type': 'Point', 'coordinates': [-84.36609, 33.77237]}","Cold weather doesn't have to slow you down. Stay warm while you're getting active outdoors this winter with @lululemon layers. ‚Å†
‚Å†
#Poncecitymarket #ATL #Ponce #Market #Atlantalife #Atlanta #PCM @ Ponce City Market https://t.co/V3LefWUEMr",Thu Dec 16 18:22:58 +0000 2021
1471554795249021000,2278656133,Sunny SoCal,True,"{'type': 'Point', 'coordinates': [34.05729786, -117.88825478]}","{'type': 'Point', 'coordinates': [-117.88825478, 34.05729786]}",SoCal golf! #scpga39 #wearesocalpga #swooshelitestaff #teamcallawaystaffer @nike @nikegolf #southhillscountryclub #scpga @ South Hills Country Club https://t.co/RfbeFuvUhS,Thu Dec 16 18:56:18 +0000 2021
1471833916889776000,1043911579211886600,"Pembroke Pines, FL",True,"{'type': 'Point', 'coordinates': [26.19341422, -80.1606644]}","{'type': 'Point', 'coordinates': [-80.1606644, 26.19341422]}",Gibbons Class 4 A State Champions - Unstoppable Kamari19  @cardinalgibbonsfootball   @cghsfl   @adidas   @adidasfootball   @fhsaa   #nikon   #nikonphotography   #nikond6   #nikkor @ DRV PNK Stadium https://t.co/kv8Xwziq6J,Fri Dec 17 13:25:25 +0000 2021
1471831882794950700,19638945,Where ever the sky covers.,True,"{'type': 'Point', 'coordinates': [25.7751, -80.1936]}","{'type': 'Point', 'coordinates': [-80.1936, 25.7751]}","Clean and drops today on the @nike app. Thoughts? üëçüèæüëçüèæ #kixionaryworld @ Miami, Florida https://t.co/eu5aruK2bo",Fri Dec 17 13:17:20 +0000 2021
1471892979723878400,29935413,San Francisco,True,"{'type': 'Point', 'coordinates': [45.6337, -122.603]}","{'type': 'Point', 'coordinates': [-122.603, 45.6337]}","where you going???? üòù #fbf #tgif #mood #weekendvibes #travel #neverstopexploring #letsgoplaces #getoutthere #ontheroad #locumlife @louisvuitton @burberry @7forallmankind @nike @ Vancouver, Washington https://t.co/vwFQ2u8s0b",Fri Dec 17 17:20:07 +0000 2021
1471951602999308300,24984458,Torrance/LosAngeles/SouthBay,True,"{'type': 'Point', 'coordinates': [33.83318422, -118.35026169]}","{'type': 'Point', 'coordinates': [-118.35026169, 33.83318422]}","SWOOPED A 2ND PAIR @CHAMPSSPORTS  TODAY
RANDOMLY CHECKED THEIR APP AND IT SHOWED THAT THERE WAS A SIZE 12 AVAILABLE AT THE DEL AMO MALL
SO HAPPY @JUMPMAN23 @NIKE 
#JORDANCOOLGREY11
üñ§üôèüíØ @ Champs Sports https://t.co/GJiLlW5Ria",Fri Dec 17 21:13:04 +0000 2021
1471981275573543000,225505518,Paterson,True,"{'type': 'Point', 'coordinates': [40.86213, -74.15474]}","{'type': 'Point', 'coordinates': [-74.15474, 40.86213]}",#BarberShopSippin @brixcitybrewing #TripleSwirlpool #Beer üç∫  @adidas #4dFusio üëü @ Glen Michael‚Äôs Barber Shop https://t.co/Yb1XznM7Ji,Fri Dec 17 23:10:58 +0000 2021
1472085094575874000,1043911579211886600,"Pembroke Pines, FL",True,"{'type': 'Point', 'coordinates': [26.19341422, -80.1606644]}","{'type': 'Point', 'coordinates': [-80.1606644, 26.19341422]}",Cardinal Gibbons - 2021  Class 4A Florida State Champions  @cardinalgibbonsfootball  @cghsfl   @footballhotbed   #nikon   #nikonphotography   #nikond6   #nikkor   @adidas   @adidasfootball @ DRV PNK Stadium https://t.co/ZRVLRu9pf8,Sat Dec 18 06:03:31 +0000 2021
1472241561253691400,218288838,"Miami, FL",True,"{'type': 'Point', 'coordinates': [25.7751, -80.1936]}","{'type': 'Point', 'coordinates': [-80.1936, 25.7751]}","Not Sponsored by @nike @ Miami, Florida https://t.co/ADoTN10fnU",Sat Dec 18 16:25:15 +0000 2021
1472321465634619400,50334355,NY/NJ/PA,True,"{'type': 'Point', 'coordinates': [41.36778, -74.70167]}","{'type': 'Point', 'coordinates': [-74.70167, 41.36778]}","Declan put together his early #Christmas gift from @legoland.newyork  he‚Äôs been wanting this set since he first saw it.  Thank you @lego and @adidas for this incredible colab.   #lego #adidas @ Matamoras, Pennsylvania https://t.co/MLnU4Xr8m5",Sat Dec 18 21:42:46 +0000 2021
1472712803052048400,40960244,"Long Beach, CA",True,"{'type': 'Point', 'coordinates': [33.6044632, -117.80371881]}","{'type': 'Point', 'coordinates': [-117.80371881, 33.6044632]}",Fun morning of chasing @tryfit @runwithsunshine around El Moro. 54 days til 100 #3 üò≥. Lots of work to do.  @spring_energy @hoka @nathansportsinc @lululemon @ El Moro ridge at Crystal Cove State Park in Newport Beach https://t.co/mhrGvbCL8i,Sun Dec 19 23:37:48 +0000 2021
1472753796321144800,20457630,"Brooklyn, New York",True,"{'type': 'Point', 'coordinates': [40.70668, -74.01278]}","{'type': 'Point', 'coordinates': [-74.01278, 40.70668]}","Red Carpet Arrival for @thebigmouthtoothbrush Gala Mixer powered by @iamdrbobbi. 

Suit: @zara 
Kicks: @adidas 

#thebigmouthtoothbrush #bigmouthtoothbrush #drbobbipeterson #djhardhittinharry #hardhittinharry https://t.co/ycNCeYvxFC",Mon Dec 20 02:20:42 +0000 2021
1472798946066002000,40960244,"Long Beach, CA",True,"{'type': 'Point', 'coordinates': [33.74602935, -118.11677536]}","{'type': 'Point', 'coordinates': [-118.11677536, 33.74602935]}",Thankful to be part of such a awesome @tribelongbeach.  An amazing year of inspirational performances. So many fun years of triathlons with family and friendsüëç.  @spring_energy @lululemon https://t.co/lspI7X4nPe,Mon Dec 20 05:20:06 +0000 2021
1472942157023658000,40583566,Jersey,True,"{'type': 'Point', 'coordinates': [40, -74.5]}","{'type': 'Point', 'coordinates': [-74.5, 40]}",@adidas @adidasoriginals #drip #shelltoeswereincluded #shelltoesnotpictured #adidasdrip @ New Jersey https://t.co/Va3PvfxCiC,Mon Dec 20 14:49:10 +0000 2021
1473138692994867200,24832949,"California, USA",True,"{'type': 'Point', 'coordinates': [33.6919424, -117.8927645]}","{'type': 'Point', 'coordinates': [-117.8927645, 33.6919424]}","I'm at @lululemon athletica in Costa Mesa, CA https://t.co/4BqKrbvYZw",Tue Dec 21 03:50:08 +0000 2021
1473371518596006000,1043911579211886600,"Pembroke Pines, FL",True,"{'type': 'Point', 'coordinates': [21.27394554, -157.82446146]}","{'type': 'Point', 'coordinates': [-157.82446146, 21.27394554]}",Pines Charter @iolaniclassic  2021 - Showing their Power in Hawaii Showcase  @iolaniclassic   @pines_charter_jaguarbasketball   @nike   @nikebasketball   #nikon   #nikonphotography   #nikond6   #nikkor https://t.co/NNzE9RWhIV,Tue Dec 21 19:15:18 +0000 2021
1473377627155148800,1043911579211886600,"Pembroke Pines, FL",True,"{'type': 'Point', 'coordinates': [21.27394554, -157.82446146]}","{'type': 'Point', 'coordinates': [-157.82446146, 21.27394554]}",Pines Power @iolaniclassic   @pines_charter_jaguarbasketball  @nike   @nikebasketball   #nikon   #nikonphotography   #nikond6   #nikkor @ Honolulu - Waikiki Beach - https://t.co/jK09AXPVn0,Tue Dec 21 19:39:35 +0000 2021
1473378171797979100,1043911579211886600,"Pembroke Pines, FL",True,"{'type': 'Point', 'coordinates': [21.27394554, -157.82446146]}","{'type': 'Point', 'coordinates': [-157.82446146, 21.27394554]}",Punes Charter vs Sierra Canion @iolaniclassic Semifinal. @pines_charter_jaguarbasketball   @nike   @nikebasketball   #nikon   #nikonphotography   #nikond6  #nikkor @ Honolulu - Waikiki Beach - https://t.co/msmcknykdu,Tue Dec 21 19:41:44 +0000 2021
1473428937367711700,2846968604,"New York, NY",True,"{'type': 'Point', 'coordinates': [40.71270142, -74.00589108]}","{'type': 'Point', 'coordinates': [-74.00589108, 40.71270142]}","Bucket List; #stilllifephotography @nikkokefalas #sneakers @adidas #bts #esitorial #photoshoot #photography #nikkokefalas #adidas #adidassneakers @ New York City, N.Y. https://t.co/Me55JgD4Xo",Tue Dec 21 23:03:28 +0000 2021
1474159926926884900,3820733896,"Queens, NY",True,"{'type': 'Point', 'coordinates': [40.7, -73.8309]}","{'type': 'Point', 'coordinates': [-73.8309, 40.7]}","Brand New Video Just Dropped On The New @adidas YZY 350 V2 MX ROCK 
.
.
LINK IN THE BIO üé•üé•üé•
.
.
#Yeezy #Boost #Adidas #Sneakers #MXRock @ Queens, New York https://t.co/iqTJO2okC8",Thu Dec 23 23:28:09 +0000 2021
1474690539207417900,4554521836,"Mansfield, LA",True,"{'type': 'Point', 'coordinates': [32.01955, -93.71376]}","{'type': 'Point', 'coordinates': [-93.71376, 32.01955]}","@nike JUST DO IT ‚ÄºÔ∏èüòçü•∞üí™üèæüíØ @ South Mansfield, Louisiana https://t.co/Ynd6nrqYyn",Sat Dec 25 10:36:37 +0000 2021
1474819994148122600,788771272121548800,"Indiana, USA",True,"{'type': 'Point', 'coordinates': [39.7692, -86.1582]}","{'type': 'Point', 'coordinates': [-86.1582, 39.7692]}","#MerryChristmas 
I got some @adidas and some @masters of the universe #littlepeople @ Indianapolis, Indiana https://t.co/wc1bVQxTPG",Sat Dec 25 19:11:02 +0000 2021
1475158173640274000,2846968604,"New York, NY",True,"{'type': 'Point', 'coordinates': [40.71270142, -74.00589108]}","{'type': 'Point', 'coordinates': [-74.00589108, 40.71270142]}",‚ÄúThe Futurologist In Me‚Äù #photography @nikkokefalas #mode @praiselevii @umodelsnyc #crwativephotography #fashionshoot #fashion #parka @adidas #leggings @akobimen @the_confessional_showroom_nyc #mensfashion https://t.co/EDcJvz8ESd,Sun Dec 26 17:34:50 +0000 2021
1475189083223871500,17236690,"Boston, MA",True,"{'type': 'Point', 'coordinates': [47.6046, -122.3308]}","{'type': 'Point', 'coordinates': [-122.3308, 47.6046]}","Dressing up the @adidas x @humanrace #Sichona for the holidays - Even moms got into it. Review in link @ Seattle, Washington https://t.co/4Au9pOsfj9",Sun Dec 26 19:37:39 +0000 2021
1475180480072925200,81664151,"TRIPLE D, AMERICA",True,"{'type': 'Point', 'coordinates': [32.81018685, -96.80841975]}","{'type': 'Point', 'coordinates': [-96.80841975, 32.81018685]}","#BloccMadeOvaErrthang üîµüåä
üç≠üÜì #MillCityLieutenant OUT NOW!!! @headgearclassics @neweracap @nike @ Snooze, an A.M. Eatery https://t.co/QnsSz1sUkp",Sun Dec 26 19:03:28 +0000 2021
1475235810861584400,75779356,"North Carolina, USA",True,"{'type': 'Point', 'coordinates': [35.22694444, -80.84333333]}","{'type': 'Point', 'coordinates': [-80.84333333, 35.22694444]}","If you have the @nike run app, I‚Äôll send you my username name and I‚Äôll invite you to the New Years Run !! We can do it virtual. Just log your run and your golden on NY day. @ Charlotte, North Carolina https://t.co/hlcfnRgakG",Sun Dec 26 22:43:20 +0000 2021
1475581253214736400,17051882,Western Mass,True,"{'type': 'Point', 'coordinates': [42.0570679, -72.555336]}","{'type': 'Point', 'coordinates': [-72.555336, 42.0570679]}",Gimme all the sap! - Drinking a Very Sappy by @TreeHouseBrewCo at @lululemon  ‚Äî https://t.co/79ZW2C7LKZ,Mon Dec 27 21:36:00 +0000 2021
1475874664098398200,402846421,"√úT: 42.6376463,-73.755466",True,"{'type': 'Point', 'coordinates': [42.6463, -73.7571]}","{'type': 'Point', 'coordinates': [-73.7571, 42.6463]}","GM Morning From The Mousike‚Äôs ‚Ä¶‚Ä¶ Wake Up And Make Everyday Great With The Ones You Love ‚Ä¶‚Ä¶ Stay Strong,Stay Together , And Stay Vibing!! Sometimes You Gotta Be like @nike And #justdoit @ Albany, New York https://t.co/x6aBRqSHLV",Tue Dec 28 17:01:55 +0000 2021
1475939358159118300,34971462,"√úT: 38.977911,-76.917262",True,"{'type': 'Point', 'coordinates': [39.2944, -76.614]}","{'type': 'Point', 'coordinates': [-76.614, 39.2944]}","RIP üôèüèæ these don‚Äôt owe me nothing‚Ä¶@nike send me another pair @ Baltimore, Maryland https://t.co/JtWDS2pjM9",Tue Dec 28 21:18:59 +0000 2021
1475938336057479200,2846968604,"New York, NY",True,"{'type': 'Point', 'coordinates': [40.71270142, -74.00589108]}","{'type': 'Point', 'coordinates': [-74.00589108, 40.71270142]}",‚ÄúThe Futurologist In Me‚Äù #photography @nikkokefalas #mode @praiselevii @umodelsnyc #crwativephotography #fashionshoot #fashion #parka @adidas #leggings @akobimen @the_confessional_showroom_nyc #mensfashion https://t.co/hsOhtnxypl,Tue Dec 28 21:14:55 +0000 2021
1476006658849616000,24984458,Torrance/LosAngeles/SouthBay,True,"{'type': 'Point', 'coordinates': [33.833741, -118.350552]}","{'type': 'Point', 'coordinates': [-118.350552, 33.833741]}","2nd pair finally arrived today!!! @nike @jumpman23 #jordan11coolgrey üñ§üî•üíØ @ Torrance, California https://t.co/TaGjlFeTiR",Wed Dec 29 01:46:25 +0000 2021
1476006317013840000,24984458,Torrance/LosAngeles/SouthBay,True,"{'type': 'Point', 'coordinates': [33.833741, -118.350552]}","{'type': 'Point', 'coordinates': [-118.350552, 33.833741]}","2nd pair finally arrived today!!! @nike @jumpman23 #jordan11coolgrey  üñ§üî•üíØ @ Torrance, California https://t.co/227Xqh3Tej",Wed Dec 29 01:45:03 +0000 2021
1476615718984720400,148834148,"Holyoke, Ma",True,"{'type': 'Point', 'coordinates': [42.2042, -72.618]}","{'type': 'Point', 'coordinates': [-72.618, 42.2042]}","Damn @nike @jumpman23 what's up with this QC? We pay alot 4 these!!

@nightwing2303 @ Holyoke, Massachusetts https://t.co/VcbzWRZg0O",Thu Dec 30 18:06:36 +0000 2021
1476613989765304300,3820733896,"Queens, NY",True,"{'type': 'Point', 'coordinates': [40.7, -73.8309]}","{'type': 'Point', 'coordinates': [-73.8309, 40.7]}","Which pair do you think is from @nike @ Queens, New York https://t.co/1gntUeL4VU",Thu Dec 30 17:59:43 +0000 2021
1477028877167997000,15743167,"Baltimore, MD",True,"{'type': 'Point', 'coordinates': [39.2944, -76.614]}","{'type': 'Point', 'coordinates': [-76.614, 39.2944]}","Ran 2.36 miles with Nike‚Å† Run Club #funkyfartlek last #run of the year. #happy #newyeareve #everyrunhasapurpose #coachbennett #fitness #journey #nikerunning #nikeplus #nikerunclub üéâ‚úåÔ∏èüèÉ‚Äç‚ôÇÔ∏è@nike @ Baltimore, Maryland https://t.co/OaWdXyWzFo",Fri Dec 31 21:28:20 +0000 2021
1477027645523218400,40960244,"Long Beach, CA",True,"{'type': 'Point', 'coordinates': [34.22712107, -118.06714474]}","{'type': 'Point', 'coordinates': [-118.06714474, 34.22712107]}","Finishing 2021 strong with @brittanywatr up Mt Wilson.  Snow, sun and some hill milesüëçüëç.   @spring_energy @lululemon @hoka @nathansportsinc @ Mount Wilson, California https://t.co/8p6cslZ2b5",Fri Dec 31 21:23:27 +0000 2021
1477115045771309000,23511625,"Jersey City, NJ",True,"{'type': 'Point', 'coordinates': [40.87930385, -74.14381811]}","{'type': 'Point', 'coordinates': [-74.14381811, 40.87930385]}","Happy New Year 2022
To All

Tonight's Fit:
@TommyHilfiger
@neweracap 
@Nike @ El Mexicano Urban Bistro https://t.co/xgHXCX01dG",Sat Jan 01 03:10:45 +0000 2022
